[
  {"_id":"student001","openid":"openid001","phoneNumber":"13800000001","name":"张伟","age":"16","grade":"黑带一段","avatar":"https://images.unsplash.com/photo-1539571696357-5a69c17a67c6?w=400&h=400&auto=format&fit=crop&q=80","joinDate":"2021-06-15","expireDate":"2024-12-31","status":"正常","isActive":true,"createTime":{"$date":"2021-06-15T08:00:00Z"},"updateTime":{"$date":"2024-01-05T08:00:00Z"}},
  {"_id":"student002","openid":"openid002","phoneNumber":"13800000002","name":"李梅","age":"15","grade":"黑带一段","avatar":"https://images.unsplash.com/photo-1549351512-c5e12b11e283?w=400&h=400&auto=format&fit=crop&q=80","joinDate":"2021-07-10","expireDate":"2024-12-31","status":"正常","isActive":true,"createTime":{"$date":"2021-07-10T09:15:00Z"},"updateTime":{"$date":"2024-01-05T09:15:00Z"}},
  {"_id":"student003","openid":"openid003","phoneNumber":"13800000003","name":"王强","age":"17","grade":"黑带二段","avatar":"https://images.unsplash.com/photo-1567784177951-6fa58317e16b?w=400&h=400&auto=format&fit=crop&q=80","joinDate":"2020-05-20","expireDate":"2024-10-15","status":"正常","isActive":true,"createTime":{"$date":"2020-05-20T10:30:00Z"},"updateTime":{"$date":"2023-10-15T10:30:00Z"}},
  {"_id":"student004","openid":"openid004","phoneNumber":"13800000004","name":"刘明","age":"14","grade":"红带","avatar":"https://images.unsplash.com/photo-1507003211169-0a1dd7228f2d?w=400&h=400&auto=format&fit=crop&q=80","joinDate":"2022-03-12","expireDate":"2024-09-30","status":"正常","isActive":true,"createTime":{"$date":"2022-03-12T14:20:00Z"},"updateTime":{"$date":"2024-01-05T14:20:00Z"}},
  {"_id":"student005","openid":"openid005","phoneNumber":"13800000005","name":"陈颖","age":"16","grade":"黑带一段","avatar":"https://images.unsplash.com/photo-1580489944761-15a19d654956?w=400&h=400&auto=format&fit=crop&q=80","joinDate":"2021-09-05","expireDate":"2024-11-05","status":"正常","isActive":true,"createTime":{"$date":"2021-09-05T11:45:00Z"},"updateTime":{"$date":"2023-11-05T11:45:00Z"}},
  {"_id":"student006","openid":"openid006","phoneNumber":"13800000006","name":"赵阳","age":"17","grade":"黑带二段","avatar":"https://images.unsplash.com/photo-1500648767791-00dcc994a43e?w=400&h=400&auto=format&fit=crop&q=80","joinDate":"2020-08-18","expireDate":"2024-08-18","status":"正常","isActive":true,"createTime":{"$date":"2020-08-18T16:10:00Z"},"updateTime":{"$date":"2023-08-18T16:10:00Z"}},
  {"_id":"student007","openid":"openid007","phoneNumber":"13800000007","name":"孙佳","age":"15","grade":"黑带一段","avatar":"https://images.unsplash.com/photo-1544005313-94ddf0286df2?w=400&h=400&auto=format&fit=crop&q=80","joinDate":"2021-05-10","expireDate":"2024-10-10","status":"正常","isActive":true,"createTime":{"$date":"2021-05-10T09:40:00Z"},"updateTime":{"$date":"2023-10-10T09:40:00Z"}},
  {"_id":"student008","openid":"openid008","phoneNumber":"13800000008","name":"吴健","age":"16","grade":"黑带一段","avatar":"https://images.unsplash.com/photo-1506794778202-cad84cf45f1d?w=400&h=400&auto=format&fit=crop&q=80","joinDate":"2021-12-05","expireDate":"2024-12-05","status":"正常","isActive":true,"createTime":{"$date":"2021-12-05T13:50:00Z"},"updateTime":{"$date":"2023-12-05T13:50:00Z"}},
  {"_id":"student009","openid":"openid009","phoneNumber":"13800000009","name":"郑华","age":"18","grade":"黑带三段","avatar":"https://images.unsplash.com/photo-1566492031773-4f4e44671857?w=400&h=400&auto=format&fit=crop&q=80","joinDate":"2020-02-15","expireDate":"2024-07-15","status":"正常","isActive":true,"createTime":{"$date":"2020-02-15T15:30:00Z"},"updateTime":{"$date":"2023-07-15T15:30:00Z"}},
  {"_id":"student010","openid":"openid010","phoneNumber":"13800000010","name":"林小静","age":"14","grade":"红带","avatar":"https://images.unsplash.com/photo-1548142813-c348350df52b?w=400&h=400&auto=format&fit=crop&q=80","joinDate":"2022-05-20","expireDate":"2024-11-20","status":"正常","isActive":true,"createTime":{"$date":"2022-05-20T10:25:00Z"},"updateTime":{"$date":"2023-11-20T10:25:00Z"}},
  {"_id":"student011","openid":"openid011","phoneNumber":"13800000011","name":"杨光","age":"13","grade":"蓝带","avatar":"https://images.unsplash.com/photo-1570295999919-56ceb5ecca61?w=400&h=400&auto=format&fit=crop&q=80","joinDate":"2022-08-15","expireDate":"2024-08-15","status":"正常","isActive":true,"createTime":{"$date":"2022-08-15T13:40:00Z"},"updateTime":{"$date":"2023-08-15T13:40:00Z"}},
  {"_id":"student012","openid":"openid012","phoneNumber":"13800000012","name":"周雨","age":"15","grade":"绿带","avatar":"https://images.unsplash.com/photo-1517841905240-472988babdf9?w=400&h=400&auto=format&fit=crop&q=80","joinDate":"2022-10-20","expireDate":"2024-10-20","status":"正常","isActive":true,"createTime":{"$date":"2022-10-20T14:50:00Z"},"updateTime":{"$date":"2023-10-20T14:50:00Z"}}
] 