{"studentId":"student001","studentName":"张伟","studentAvatar":"https://images.unsplash.com/photo-1539571696357-5a69c17a67c6?w=400&h=400&auto=format&fit=crop&q=80","studentGrade":"黑带一段","competitionName":"2024年全国青少年跆拳道锦标赛","competitionDate":"2024-03-15","awardName":"男子54kg级 金牌","rank":"gold","imageUrl":"https://images.unsplash.com/photo-1599946347371-68eb71b16afc?w=600&auto=format&fit=crop&q=80","heatValue":35,"description":"在全国青少年跆拳道锦标赛中表现出色，连胜5场获得金牌","createTime":{"$date":"2024-03-20T08:00:00Z"},"updateTime":{"$date":"2024-03-20T08:00:00Z"}}
{"studentId":"student002","studentName":"李梅","studentAvatar":"https://images.unsplash.com/photo-1549351512-c5e12b11e283?w=400&h=400&auto=format&fit=crop&q=80","studentGrade":"黑带一段","competitionName":"2024年全国青少年跆拳道锦标赛","competitionDate":"2024-03-15","awardName":"女子49kg级 金牌","rank":"gold","imageUrl":"https://images.unsplash.com/photo-1609710228159-0fa9bd7c0827?w=600&auto=format&fit=crop&q=80","heatValue":42,"description":"技术精湛，表现出色，以压倒性优势获得女子49kg级金牌","createTime":{"$date":"2024-03-20T09:15:00Z"},"updateTime":{"$date":"2024-03-20T09:15:00Z"}}
{"studentId":"student003","studentName":"王强","studentAvatar":"https://images.unsplash.com/photo-1567784177951-6fa58317e16b?w=400&h=400&auto=format&fit=crop&q=80","studentGrade":"黑带二段","competitionName":"2023年省级跆拳道邀请赛","competitionDate":"2023-11-20","awardName":"男子58kg级 银牌","rank":"silver","imageUrl":"https://images.unsplash.com/photo-1599391398131-cd12dfc6c24e?w=600&auto=format&fit=crop&q=80","heatValue":28,"description":"在省级跆拳道邀请赛中表现出色，获得银牌","createTime":{"$date":"2023-11-25T10:30:00Z"},"updateTime":{"$date":"2023-11-25T10:30:00Z"}}
{"studentId":"student004","studentName":"刘明","studentAvatar":"https://images.unsplash.com/photo-1507003211169-0a1dd7228f2d?w=400&h=400&auto=format&fit=crop&q=80","studentGrade":"红带","competitionName":"2024年市级青少年跆拳道比赛","competitionDate":"2024-01-10","awardName":"男子63kg级 金牌","rank":"gold","imageUrl":"https://images.unsplash.com/photo-1607619056574-7b8d3ee536b2?w=600&auto=format&fit=crop&q=80","heatValue":15,"description":"展现出色技术和体能，在市级比赛中获得金牌","createTime":{"$date":"2024-01-15T14:20:00Z"},"updateTime":{"$date":"2024-01-15T14:20:00Z"}}
{"studentId":"student005","studentName":"陈颖","studentAvatar":"https://images.unsplash.com/photo-1580489944761-15a19d654956?w=400&h=400&auto=format&fit=crop&q=80","studentGrade":"黑带一段","competitionName":"2023年全国跆拳道公开赛","competitionDate":"2023-08-05","awardName":"女子53kg级 铜牌","rank":"bronze","imageUrl":"https://images.unsplash.com/photo-1565970621785-83effcc2ab15?w=600&auto=format&fit=crop&q=80","heatValue":19,"description":"首次参加全国级比赛，表现出色获得铜牌","createTime":{"$date":"2023-08-10T11:45:00Z"},"updateTime":{"$date":"2023-08-10T11:45:00Z"}}
{"studentId":"student006","studentName":"赵阳","studentAvatar":"https://images.unsplash.com/photo-1500648767791-00dcc994a43e?w=400&h=400&auto=format&fit=crop&q=80","studentGrade":"黑带二段","competitionName":"2024年省青少年跆拳道锦标赛","competitionDate":"2024-02-28","awardName":"男子68kg级 金牌","rank":"gold","imageUrl":"https://images.unsplash.com/photo-1661457044443-7c5a9bfd73c3?w=600&auto=format&fit=crop&q=80","heatValue":31,"description":"连续两年获得省青少年锦标赛金牌，技术全面","createTime":{"$date":"2024-03-05T16:10:00Z"},"updateTime":{"$date":"2024-03-05T16:10:00Z"}}
{"studentId":"student007","studentName":"孙佳","studentAvatar":"https://images.unsplash.com/photo-1544005313-94ddf0286df2?w=400&h=400&auto=format&fit=crop&q=80","studentGrade":"黑带一段","competitionName":"2023年亚洲青少年跆拳道邀请赛","competitionDate":"2023-10-15","awardName":"女子57kg级 银牌","rank":"silver","imageUrl":"https://images.unsplash.com/photo-1663163805012-c59cc8aee1d5?w=600&auto=format&fit=crop&q=80","heatValue":45,"description":"在亚洲级别比赛中取得优异成绩，为国争光","createTime":{"$date":"2023-10-20T09:40:00Z"},"updateTime":{"$date":"2023-10-20T09:40:00Z"}}
{"studentId":"student008","studentName":"吴健","studentAvatar":"https://images.unsplash.com/photo-1506794778202-cad84cf45f1d?w=400&h=400&auto=format&fit=crop&q=80","studentGrade":"黑带一段","competitionName":"2024年市级跆拳道精英赛","competitionDate":"2024-04-02","awardName":"男子74kg级 金牌","rank":"gold","imageUrl":"https://images.unsplash.com/photo-1659611397433-82da8d67590a?w=600&auto=format&fit=crop&q=80","heatValue":12,"description":"力量和技术并重，在精英赛中一路过关斩将获得金牌","createTime":{"$date":"2024-04-05T13:50:00Z"},"updateTime":{"$date":"2024-04-05T13:50:00Z"}}
{"studentId":"student009","studentName":"郑华","studentAvatar":"https://images.unsplash.com/photo-1566492031773-4f4e44671857?w=400&h=400&auto=format&fit=crop&q=80","studentGrade":"黑带三段","competitionName":"2023年全国跆拳道俱乐部联赛","competitionDate":"2023-09-20","awardName":"男子80kg级 铜牌","rank":"bronze","imageUrl":"https://images.unsplash.com/photo-1563122870-6b0a20918824?w=600&auto=format&fit=crop&q=80","heatValue":22,"description":"在高水平俱乐部联赛中表现出色，获得铜牌","createTime":{"$date":"2023-09-25T15:30:00Z"},"updateTime":{"$date":"2023-09-25T15:30:00Z"}}
{"studentId":"student010","studentName":"林小静","studentAvatar":"https://images.unsplash.com/photo-1548142813-c348350df52b?w=400&h=400&auto=format&fit=crop&q=80","studentGrade":"红带","competitionName":"2024年全国青少年跆拳道锦标赛","competitionDate":"2024-03-15","awardName":"女子46kg级 银牌","rank":"silver","imageUrl":"https://images.unsplash.com/photo-1659613255477-d5c979a94019?w=600&auto=format&fit=crop&q=80","heatValue":26,"description":"技术出众，只在决赛中惜败获得银牌","createTime":{"$date":"2024-03-20T10:25:00Z"},"updateTime":{"$date":"2024-03-20T10:25:00Z"}}
{"studentId":"student011","studentName":"杨光","studentAvatar":"https://images.unsplash.com/photo-1570295999919-56ceb5ecca61?w=400&h=400&auto=format&fit=crop&q=80","studentGrade":"蓝带","competitionName":"2024年市级青少年跆拳道选拔赛","competitionDate":"2024-02-10","awardName":"男子55kg级 金牌","rank":"gold","imageUrl":"https://images.unsplash.com/photo-1623010274848-ed5fb75b3844?w=600&auto=format&fit=crop&q=80","heatValue":18,"description":"年纪轻轻就展现出超强天赋，技术精湛获得金牌","createTime":{"$date":"2024-02-15T13:40:00Z"},"updateTime":{"$date":"2024-02-15T13:40:00Z"}}
{"studentId":"student012","studentName":"周雨","studentAvatar":"https://images.unsplash.com/photo-1517841905240-472988babdf9?w=400&h=400&auto=format&fit=crop&q=80","studentGrade":"绿带","competitionName":"2024年市区跆拳道新星赛","competitionDate":"2024-01-25","awardName":"女子50kg级 银牌","rank":"silver","imageUrl":"https://images.unsplash.com/photo-1648737963503-1a26da876aca?w=600&auto=format&fit=crop&q=80","heatValue":13,"description":"首次参赛就获得优异成绩，基本功扎实","createTime":{"$date":"2024-01-30T14:50:00Z"},"updateTime":{"$date":"2024-01-30T14:50:00Z"}}