{"_id":"c42c9d1b680df68801f1654d253b74f1","grade":"黑带一段/品","isActive":true,"name":"奥琦","phoneNumber":"15947091366","status":"正常","updateTime":{"$date":"2025-05-23T12:52:24.62Z"},"_openid":"xBe96-5AupIwrT1iiTtMeg","gradeList":["白带十级","白黄带九级","黄带八级","黄绿带七级","绿带六级","绿蓝带五级","蓝带四级","蓝红带三级","红带二级","红黑带一级","黑带一段/品","黑带二段/品","黑带三段/品"],"idCard":"152529201207300015","joinDate":"2016-10-01","avatar":"cloud://cloud1-6g5xcrtub6610fb6.636c-cloud1-6g5xcrtub6610fb6-1354054349/avatars/1747436888370.jpg","expireDate":"2030-04-01","openid":"oP0kH7BAjDbfinid6TwpijyRa1wo","isVipPaid":false,"vipPayTime":""}
{"_id":"0e7893fb680defed01f3508462436af7","_openid":"xBe96-5AupIwrT1iiTtMeg","grade":"红黑带一级","idCard":"152529201303232112","isActive":true,"joinDate":"2019-03-01","name":"宋子墨","status":"正常","updateTime":{"$date":"2025-04-28T07:53:27.544Z"},"expireDate":"2030-04-01","gradeList":["白带十级","白黄带九级","黄带八级","黄绿带七级","绿带六级","绿蓝带五级","蓝带四级","蓝红带三级","红带二级","红黑带一级","黑带一段/品","黑带二段/品","黑带三段/品"],"phoneNumber":"15247979599","avatar":"","isVipPaid":false,"vipPayTime":""}
{"_id":"76c63bbb680cbcd701e3589927691106","_openid":"xBe96-5AupIwrT1iiTtMeg","avatar":"","grade":"红黑带一级","gradeList":["白带十级","白黄带九级","黄带八级","黄绿带七级","绿带六级","绿蓝带五级","蓝带四级","蓝红带三级","红带二级","红黑带一级","黑带一段/品","黑带二段/品","黑带三段/品"],"updateTime":{"$date":"2025-04-28T08:02:37.109Z"},"expireDate":"2030-04-01","idCard":"152529201204010021","isActive":true,"joinDate":"2025-04-26","name":"希如海","phoneNumber":"13848496216","status":"正常","isVipPaid":false,"vipPayTime":""}
{"_id":"2b83cb16680cbd5b01e68b553546571c","expireDate":"2030-05-01","grade":"红黑带一级","idCard":"152529201402023025","name":"杨佳淼","phoneNumber":"15604791938","_openid":"xBe96-5AupIwrT1iiTtMeg","avatar":"","gradeList":["白带十级","白黄带九级","黄带八级","黄绿带七级","绿带六级","绿蓝带五级","蓝带四级","蓝红带三级","红带二级","红黑带一级","黑带一段/品","黑带二段/品","黑带三段/品"],"isActive":true,"joinDate":"2025-04-25","status":"正常","updateTime":{"$date":"2025-04-28T08:03:49.832Z"},"isVipPaid":false,"vipPayTime":""}
{"_id":"9f86c656680e052101f3ea4533814ce7","_openid":"J6fUocAFfr3dXrG19IA-qg","grade":"红带二级","gradeList":["白带十级","白黄带九级","黄带八级","黄绿带七级","绿带六级","绿蓝带五级","蓝带四级","蓝红带三级","红带二级","红黑带一级","黑带一段/品","黑带二段/品","黑带三段/品"],"joinDate":"2025-04-01","phoneNumber":"15148639823","avatar":"","expireDate":"2025-04-28","idCard":"152529201211060018","isActive":true,"name":"郝文涛","status":"正常","updateTime":{"$date":"2025-04-28T08:20:47.946Z"},"isVipPaid":false,"vipPayTime":""}
{"_id":"b7e94e9b680ded3401f605bc2ff4a5e0","expireDate":"2025-07-31","grade":"黄绿带七级","isActive":true,"joinDate":"2023-10-19","name":"阿斯布日","phoneNumber":"18747977394","status":"正常","avatar":"cloud://cloud1-6g5xcrtub6610fb6.636c-cloud1-6g5xcrtub6610fb6-1354054349/avatars/1745913806402.jpg","gradeList":["白带十级","白黄带九级","黄带八级","黄绿带七级","绿带六级","绿蓝带五级","蓝带四级","蓝红带三级","红带二级","红黑带一级","黑带一段/品","黑带二段/品","黑带三段/品"],"idCard":"150122201902090031","updateTime":{"$date":"2025-04-29T08:03:31.052Z"},"_openid":"J6fUocAFfr3dXrG19IA-qg","openid":"oP0kH7NQWRxMwrPNGpkcg-ceG5ng","isVipPaid":false,"vipPayTime":""}
{"_id":"5be31a71680de87701f63ed30473c7c6","avatar":"cloud://cloud1-6g5xcrtub6610fb6.636c-cloud1-6g5xcrtub6610fb6-1354054349/avatars/1745828866801-tw8inus1s3a.jpg","grade":"白黄带九级","isActive":true,"phoneNumber":"18804792260","_openid":"J6fUocAFfr3dXrG19IA-qg","expireDate":"2025-09-01","gradeList":["白带十级","白黄带九级","黄带八级","黄绿带七级","绿带六级","绿蓝带五级","蓝带四级","蓝红带三级","红带二级","红黑带一级","黑带一段/品","黑带二段/品","黑带三段/品"],"idCard":"15252920180103002X","joinDate":"2024-09-01","name":"耿宜格","status":"正常","updateTime":{"$date":"2025-05-09T09:09:42.245Z"},"openid":"oP0kH7BAjDbfinid6TwpijyRa1wo","isVipPaid":false,"vipPayTime":""}
{"_id":"80a8bd4f680dea3b01f3d93f43dc9c49","avatar":"cloud://cloud1-6g5xcrtub6610fb6.636c-cloud1-6g5xcrtub6610fb6-1354054349/avatars/1745828938939-oog5gztg2zf.jpg","grade":"蓝带四级","idCard":"152529201704120015","isActive":true,"joinDate":"2020-03-01","_openid":"J6fUocAFfr3dXrG19IA-qg","expireDate":"2026-02-03","gradeList":["白带十级","白黄带九级","黄带八级","黄绿带七级","绿带六级","绿蓝带五级","蓝带四级","蓝红带三级","红带二级","红黑带一级","黑带一段/品","黑带二段/品","黑带三段/品"],"name":"高艺涵","phoneNumber":"18747459175","status":"正常","updateTime":{"$date":"2025-06-01T03:25:41.904Z"},"openid":"oP0kH7NI-GvMtKipM4r_I9PYFH8M","isVipPaid":false,"vipPayTime":""}
{"_id":"2b83cb16680cb6de01e648ac7008f339","joinDate":"2025-04-20","name":"王弘毅","phoneNumber":"15004792890","avatar":"cloud://cloud1-6g5xcrtub6610fb6.636c-cloud1-6g5xcrtub6610fb6-1354054349/avatars/1745829303219-nyqssby3gne.jpg","expireDate":"2026-01-16","gradeList":["白带十级","白黄带九级","黄带八级","黄绿带七级","绿带六级","绿蓝带五级","蓝带四级","蓝红带三级","红带二级","红黑带一级","黑带一段/品","黑带二段/品","黑带三段/品"],"idCard":"152529201708050018","_openid":"J6fUocAFfr3dXrG19IA-qg","grade":"绿带六级","isActive":true,"status":"正常","updateTime":{"$date":"2025-04-28T08:35:04.7Z"},"isVipPaid":false,"vipPayTime":""}
{"_id":"b7e94e9b680df15701f646c039b3b835","expireDate":"2030-04-01","grade":"蓝带四级","idCard":"152529201607310036","isActive":true,"joinDate":"2021-04-01","_openid":"J6fUocAFfr3dXrG19IA-qg","avatar":"cloud://cloud1-6g5xcrtub6610fb6.636c-cloud1-6g5xcrtub6610fb6-1354054349/avatars/1745829334492-4q7jnke0e6o.jpg","phoneNumber":"13644796725","updateTime":{"$date":"2025-04-29T06:32:04.756Z"},"gradeList":["白带十级","白黄带九级","黄带八级","黄绿带七级","绿带六级","绿蓝带五级","蓝带四级","蓝红带三级","红带二级","红黑带一级","黑带一段/品","黑带二段/品","黑带三段/品"],"name":"王博洋","status":"正常","openid":"oP0kH7Dly0KaR9d9KE1YwrqYwOoQ","isVipPaid":false,"vipPayTime":""}
{"_id":"65dc6258680df57f01f61970629b982f","phoneNumber":"13947910125","_openid":"J6fUocAFfr3dXrG19IA-qg","avatar":"cloud://cloud1-6g5xcrtub6610fb6.636c-cloud1-6g5xcrtub6610fb6-1354054349/avatars/1745829428404-ocko2bpi6.jpg","expireDate":"2030-04-01","idCard":"152529201609030054","joinDate":"2023-03-01","name":"刘嘉乐","status":"正常","grade":"绿带六级","gradeList":["白带十级","白黄带九级","黄带八级","黄绿带七级","绿带六级","绿蓝带五级","蓝带四级","蓝红带三级","红带二级","红黑带一级","黑带一段/品","黑带二段/品","黑带三段/品"],"isActive":true,"updateTime":{"$date":"2025-04-28T08:37:09.598Z"},"isVipPaid":false,"vipPayTime":""}
{"_id":"b0131947680def2801f87c4959066e00","_openid":"J6fUocAFfr3dXrG19IA-qg","expireDate":"2025-09-01","grade":"蓝带四级","isActive":true,"name":" 张珩","phoneNumber":"13947923882","updateTime":{"$date":"2025-04-28T08:37:36.265Z"},"avatar":"cloud://cloud1-6g5xcrtub6610fb6.636c-cloud1-6g5xcrtub6610fb6-1354054349/avatars/1745829454739-rvlmrxl0g3.jpg","gradeList":["白带十级","白黄带九级","黄带八级","黄绿带七级","绿带六级","绿蓝带五级","蓝带四级","蓝红带三级","红带二级","红黑带一级","黑带一段/品","黑带二段/品","黑带三段/品"],"idCard":"152529201611220017","joinDate":"2021-09-01","status":"正常","isVipPaid":false,"vipPayTime":""}
{"_id":"ed153fc7680ded7e01f0df076626399d","_openid":"J6fUocAFfr3dXrG19IA-qg","isActive":true,"name":" 阿明吉雅","gradeList":["白带十级","白黄带九级","黄带八级","黄绿带七级","绿带六级","绿蓝带五级","蓝带四级","蓝红带三级","红带二级","红黑带一级","黑带一段/品","黑带二段/品","黑带三段/品"],"idCard":"152529201701030014","joinDate":"2022-04-01","phoneNumber":"15847971528","avatar":"cloud://cloud1-6g5xcrtub6610fb6.636c-cloud1-6g5xcrtub6610fb6-1354054349/avatars/1745829503284-f93hpl2j7lk.jpg","expireDate":"2026-03-01","grade":"绿带六级","status":"正常","updateTime":{"$date":"2025-04-29T08:05:25.662Z"},"openid":"oP0kH7A_3SCpckipj6vnMuj1HyDo","isVipPaid":false,"vipPayTime":""}
{"_id":"0e7893fb680f3fcd02039bfd0880d88c","joinDate":"2025-03-08","phoneNumber":"13848594991","status":"正常","idCard":"152528201507100019","avatar":"cloud://cloud1-6g5xcrtub6610fb6.636c-cloud1-6g5xcrtub6610fb6-1354054349/avatars/1745909952421.jpg","createTime":{"$date":"2025-04-28T08:43:57.396Z"},"expireDate":"2026-03-08","grade":"白带十级","gradeList":["白带十级","白黄带九级","黄带八级","黄绿带七级","绿带六级","绿蓝带五级","蓝带四级","蓝红带三级","红带二级","红黑带一级","黑带一段/品","黑带二段/品","黑带三段/品"],"isActive":true,"name":" 阿吉泰","_openid":"J6fUocAFfr3dXrG19IA-qg","updateTime":{"$date":"2025-04-29T06:59:17.859Z"},"openid":"oP0kH7DirxFMSH4W_7ZqZA6WF_e8"}
{"_id":"b0131947680f406c020835344b511c1b","name":"王煜卿","phoneNumber":"15047930915","updateTime":{"$date":"2025-04-28T08:46:36.668Z"},"_openid":"J6fUocAFfr3dXrG19IA-qg","grade":"白带十级","gradeList":["白带十级","白黄带九级","黄带八级","黄绿带七级","绿带六级","绿蓝带五级","蓝带四级","蓝红带三级","红带二级","红黑带一级","黑带一段/品","黑带二段/品","黑带三段/品"],"idCard":"152529202009030012","isActive":true,"joinDate":"2025-03-29","status":"正常","avatar":"","createTime":{"$date":"2025-04-28T08:46:36.668Z"},"expireDate":"2026-03-29","isVipPaid":false,"vipPayTime":""}
{"_id":"5be31a71680df4e801f73cae366a5d37","updateTime":{"$date":"2025-04-29T06:56:08.548Z"},"_openid":"xBe96-5AupIwrT1iiTtMeg","avatar":"https://636c-cloud1-6g5xcrtub6610fb6-1354054349.tcb.qcloud.la/avatars/1745829419488-w56k4q4es4.jpg","expireDate":"2030-04-01","isActive":true,"name":"刘嘉欢","status":"正常","grade":"绿带六级","gradeList":["白带十级","白黄带九级","黄带八级","黄绿带七级","绿带六级","绿蓝带五级","蓝带四级","蓝红带三级","红带二级","红黑带一级","黑带一段/品","黑带二段/品","黑带三段/品"],"idCard":"152529201609030038","joinDate":"2023-03-01","phoneNumber":"15164971225","openid":"oP0kH7IJcOdKZuNRG__K91-bN61c","isVipPaid":false,"vipPayTime":""}
{"_id":"65dc6258680deba701f588cc49c94da7","updateTime":{"$date":"2025-04-28T14:02:47.46Z"},"expireDate":"2025-05-20","idCard":"15252920161206006X","phoneNumber":"15247861290","isActive":true,"joinDate":"2024-05-20","name":"逯晨曦","status":"正常","_openid":"xBe96-5AupIwrT1iiTtMeg","avatar":"https://636c-cloud1-6g5xcrtub6610fb6-1354054349.tcb.qcloud.la/avatars/1745831296838-cssli9phlz9.jpg","grade":"黄带八级","gradeList":["白带十级","白黄带九级","黄带八级","黄绿带七级","绿带六级","绿蓝带五级","蓝带四级","蓝红带三级","红带二级","红黑带一级","黑带一段/品","黑带二段/品","黑带三段/品"],"isVipPaid":false,"vipPayTime":""}
{"_id":"e23fc3b2680f6d9402024082716505e5","avatar":"cloud://cloud1-6g5xcrtub6610fb6.636c-cloud1-6g5xcrtub6610fb6-1354054349/avatars/1745908411406.jpg","expireDate":"2026-04-28","idCard":"610431198712243518","isActive":true,"status":"正常","updateTime":{"$date":"2025-06-03T11:15:02.222Z"},"phoneNumber":"18610826428","_openid":"xBe96-5AupIwrT1iiTtMeg","grade":"黄带八级","gradeList":["白带十级","白黄带九级","黄带八级","黄绿带七级","绿带六级","绿蓝带五级","蓝带四级","蓝红带三级","红带二级","红黑带一级","黑带一段/品","黑带二段/品","黑带三段/品"],"joinDate":"2025-04-28","name":"侯","openid":"oP0kH7NxklVlY14FRzCKkdg0HNdI","isVipPaid":false,"vipPayTime":""}
{"_id":"e23fc3b2680f400201ff102b20f6f90f","phoneNumber":"15247496474","updateTime":{"$date":"2025-04-28T15:08:23.6Z"},"avatar":"cloud://cloud1-6g5xcrtub6610fb6.636c-cloud1-6g5xcrtub6610fb6-1354054349/avatars/1745857963244-3z0zpf9ouqx.jpg","expireDate":"2030-04-23","gradeList":["白带十级","白黄带九级","黄带八级","黄绿带七级","绿带六级","绿蓝带五级","蓝带四级","蓝红带三级","红带二级","红黑带一级","黑带一段/品","黑带二段/品","黑带三段/品"],"name":"马浩","isActive":true,"joinDate":"2025-04-28","status":"正常","_openid":"sz6l1jo7TM1f54rGMGbOUQ","grade":"黑带一段/品","idCard":"152529201204103016","isVipPaid":false,"vipPayTime":""}
{"_id":"76c63bbb680df49201efe9993bb7ab77","idCard":"152529201706250024","isActive":true,"name":"刘睿坤","status":"正常","avatar":"cloud://cloud1-6g5xcrtub6610fb6.636c-cloud1-6g5xcrtub6610fb6-1354054349/avatars/1745907016795-6bveapflsbt.jpg","expireDate":"2030-04-01","grade":"黄绿带七级","gradeList":["白带十级","白黄带九级","黄带八级","黄绿带七级","绿带六级","绿蓝带五级","蓝带四级","蓝红带三级","红带二级","红黑带一级","黑带一段/品","黑带二段/品","黑带三段/品"],"joinDate":"2025-04-28","phoneNumber":"15148609423","updateTime":{"$date":"2025-04-29T06:10:17.293Z"},"_openid":"J6fUocAFfr3dXrG19IA-qg","isVipPaid":false,"vipPayTime":""}
{"_id":"e1cff635680df28501f5d209737cdee8","phoneNumber":"19815741386","status":"正常","updateTime":{"$date":"2025-04-29T06:47:37.722Z"},"_openid":"J6fUocAFfr3dXrG19IA-qg","gradeList":["白带十级","白黄带九级","黄带八级","黄绿带七级","绿带六级","绿蓝带五级","蓝带四级","蓝红带三级","红带二级","红黑带一级","黑带一段/品","黑带二段/品","黑带三段/品"],"idCard":"152529202012300028","name":"田轶","avatar":"cloud://cloud1-6g5xcrtub6610fb6.636c-cloud1-6g5xcrtub6610fb6-1354054349/avatars/1745909258093-fmq90dvdodr.jpg","expireDate":"2025-09-08","grade":"白带十级","isActive":true,"joinDate":"2025-03-08","isVipPaid":false,"vipPayTime":""}
{"_id":"65dc6258680dfe5001f67f051f2fe604","idCard":"152529201609020032","status":"正常","expireDate":"2025-08-21","grade":"白黄带九级","gradeList":["白带十级","白黄带九级","黄带八级","黄绿带七级","绿带六级","绿蓝带五级","蓝带四级","蓝红带三级","红带二级","红黑带一级","黑带一段/品","黑带二段/品","黑带三段/品"],"isActive":true,"joinDate":"2024-10-20","name":"徐浩然","phoneNumber":"15047976556","_openid":"J6fUocAFfr3dXrG19IA-qg","avatar":"cloud://cloud1-6g5xcrtub6610fb6.636c-cloud1-6g5xcrtub6610fb6-1354054349/avatars/1745912996769.jpg","updateTime":{"$date":"2025-04-29T07:50:05Z"},"isVipPaid":false,"vipPayTime":""}
{"_id":"0e7893fb680cbd1101e6f1c4108d3dae","idCard":"152529201311252121","status":"正常","updateTime":{"$date":"2025-05-30T13:28:09.805Z"},"avatar":"cloud://cloud1-6g5xcrtub6610fb6.636c-cloud1-6g5xcrtub6610fb6-1354054349/avatars/1745915527807-17759lillkq.jpg","expireDate":"2030-04-01","grade":"黑带一段/品","name":"姚雨涵","phoneNumber":"18247985990","_openid":"J6fUocAFfr3dXrG19IA-qg","gradeList":["白带十级","白黄带九级","黄带八级","黄绿带七级","绿带六级","绿蓝带五级","蓝带四级","蓝红带三级","红带二级","红黑带一级","黑带一段/品","黑带二段/品","黑带三段/品"],"isActive":true,"joinDate":"2018-08-01","openid":"oP0kH7JpuPN59bKuFTFjAyNtjOBk","isVipPaid":false,"vipPayTime":""}
{"_id":"c42c9d1b680dfe0d01f1bae96c1118cd","_openid":"J6fUocAFfr3dXrG19IA-qg","gradeList":["白带十级","白黄带九级","黄带八级","黄绿带七级","绿带六级","绿蓝带五级","蓝带四级","蓝红带三级","红带二级","红黑带一级","黑带一段/品","黑带二段/品","黑带三段/品"],"idCard":"152529201911290033","joinDate":"2025-03-31","phoneNumber":"15547936441","status":"正常","updateTime":{"$date":"2025-04-29T08:32:31.976Z"},"avatar":"","expireDate":"2026-03-31","grade":"白带十级","isActive":true,"name":"吴子阳","isVipPaid":false,"vipPayTime":""}
{"_id":"85b0d333680dfdcf01f4520049d5aad6","status":"正常","updateTime":{"$date":"2025-04-29T08:32:42.01Z"},"_openid":"J6fUocAFfr3dXrG19IA-qg","isActive":true,"name":"李浩","phoneNumber":"15148540207","joinDate":"2022-02-14","avatar":"","expireDate":"2025-03-22","grade":"绿带六级","gradeList":["白带十级","白黄带九级","黄带八级","黄绿带七级","绿带六级","绿蓝带五级","蓝带四级","蓝红带三级","红带二级","红黑带一级","黑带一段/品","黑带二段/品","黑带三段/品"],"idCard":"15252720130101061X","isVipPaid":false,"vipPayTime":""}
{"_id":"65dc6258680cbda601e8d1936924d7d7","phoneNumber":"15847978746","_openid":"J6fUocAFfr3dXrG19IA-qg","expireDate":"2030-04-01","gradeList":["白带十级","白黄带九级","黄带八级","黄绿带七级","绿带六级","绿蓝带五级","蓝带四级","蓝红带三级","红带二级","红黑带一级","黑带一段/品","黑带二段/品","黑带三段/品"],"idCard":"152529201412100020","isActive":true,"joinDate":"2025-04-26","updateTime":{"$date":"2025-04-29T08:32:59.719Z"},"avatar":"https://636c-cloud1-6g5xcrtub6610fb6-1354054349.tcb.qcloud.la/avatars/1745728797825.jpg","grade":"红黑带一级","name":"冯娅桐","status":"正常","isVipPaid":false,"vipPayTime":""}
{"_id":"2b83cb16680deea001f2caeb60bd9273","grade":"黑带一段/品","gradeList":["白带十级","白黄带九级","黄带八级","黄绿带七级","绿带六级","绿蓝带五级","蓝带四级","蓝红带三级","红带二级","红黑带一级","黑带一段/品","黑带二段/品","黑带三段/品"],"joinDate":"2019-04-01","name":"秦毅","_openid":"J6fUocAFfr3dXrG19IA-qg","avatar":"https://636c-cloud1-6g5xcrtub6610fb6-1354054349.tcb.qcloud.la/avatars/1745829385834-aetzp8o4cz.jpg","expireDate":"2030-04-01","idCard":"152529201412080015","isActive":true,"phoneNumber":"18648049766","status":"正常","updateTime":{"$date":"2025-05-09T02:01:10.34Z"},"isVipPaid":false,"vipPayTime":""}
{"_id":"d33be422680dee0401f32aee3335658b","_openid":"J6fUocAFfr3dXrG19IA-qg","avatar":"https://636c-cloud1-6g5xcrtub6610fb6-1354054349.tcb.qcloud.la/avatars/1745829527219-tb1efpwkev.jpg","isActive":true,"joinDate":"2024-04-13","name":"胡斯乐夫","phoneNumber":"13190664400","expireDate":"2026-04-13","grade":"黄带八级","gradeList":["白带十级","白黄带九级","黄带八级","黄绿带七级","绿带六级","绿蓝带五级","蓝带四级","蓝红带三级","红带二级","红黑带一级","黑带一段/品","黑带二段/品","黑带三段/品"],"idCard":"152529201906200099","status":"正常","updateTime":{"$date":"2025-05-09T02:01:36.35Z"},"isVipPaid":false,"vipPayTime":""}
{"_id":"dcffa824680dec8401f812be5cdaa3f4","updateTime":{"$date":"2025-05-09T02:01:53.196Z"},"_openid":"J6fUocAFfr3dXrG19IA-qg","expireDate":"2030-04-01","idCard":"152529201208030010","status":"正常","isActive":true,"joinDate":"2012-04-01","name":"陶日浓","phoneNumber":"15047953311","avatar":"https://636c-cloud1-6g5xcrtub6610fb6-1354054349.tcb.qcloud.la/avatars/1745908518077-cx6ku3n9by.jpg","grade":"黑带一段/品","gradeList":["白带十级","白黄带九级","黄带八级","黄绿带七级","绿带六级","绿蓝带五级","蓝带四级","蓝红带三级","红带二级","红黑带一级","黑带一段/品","黑带二段/品","黑带三段/品"],"isVipPaid":false,"vipPayTime":""}
{"_id":"a6ec3048680df42001f4b875197b3e83","isActive":true,"joinDate":"2023-03-01","name":"阿如日","phoneNumber":"18747953111","updateTime":{"$date":"2025-05-09T02:02:02.447Z"},"_openid":"J6fUocAFfr3dXrG19IA-qg","avatar":"https://636c-cloud1-6g5xcrtub6610fb6-1354054349.tcb.qcloud.la/avatars/1745908545820.jpg","grade":"黄带八级","gradeList":["白带十级","白黄带九级","黄带八级","黄绿带七级","绿带六级","绿蓝带五级","蓝带四级","蓝红带三级","红带二级","红黑带一级","黑带一段/品","黑带二段/品","黑带三段/品"],"idCard":"152529201609130012","status":"正常","expireDate":"2025-11-01","isVipPaid":false,"vipPayTime":""}
{"_id":"b7e94e9b680e039301f7436258ff2ea0","status":"已过期","expireDate":"2024-04-01","isActive":true,"joinDate":"2020-04-01","idCard":"152528201312100019","name":"包奥琦","phoneNumber":"15904795517","updateTime":{"$date":"2025-05-10T00:58:59.765Z"},"_openid":"J6fUocAFfr3dXrG19IA-qg","avatar":"","grade":"绿带六级","gradeList":["白带十级","白黄带九级","黄带八级","黄绿带七级","绿带六级","绿蓝带五级","蓝带四级","蓝红带三级","红带二级","红黑带一级","黑带一段/品","黑带二段/品","黑带三段/品"],"isVipPaid":false,"vipPayTime":""}
{"_id":"d33be422680df13001f36a6c07db2c8f","avatar":"https://thirdwx.qlogo.cn/mmopen/vi_32/POgEwh4mIHO4nibH0KlMECNjjGxQUq24ZEaGT4poC6icRiccVGKSyXwibcPq4BWmiaIGuG1icwxaQX6grC9VemZoJ8rg/132","gradeList":["白带十级","白黄带九级","黄带八级","黄绿带七级","绿带六级","绿蓝带五级","蓝带四级","蓝红带三级","红带二级","红黑带一级","黑带一段/品","黑带二段/品","黑带三段/品"],"idCard":"152529201712180034","isActive":true,"joinDate":"2024-04-12","name":"马子阳","phoneNumber":"15147966050","_openid":"J6fUocAFfr3dXrG19IA-qg","status":"正常","expireDate":"2025-06-10","grade":"白黄带九级","updateTime":{"$date":"2025-05-10T00:59:07.287Z"},"isVipPaid":false,"vipPayTime":""}
{"_id":"b0131947680df74f01f8f0c85b436631","status":"正常","avatar":"","grade":"白黄带九级","idCard":"152529202005130016","joinDate":"2024-09-01","phoneNumber":"15247979665","name":"张莅珩","updateTime":{"$date":"2025-05-10T00:59:15.599Z"},"_openid":"J6fUocAFfr3dXrG19IA-qg","expireDate":"2040-04-01","gradeList":["白带十级","白黄带九级","黄带八级","黄绿带七级","绿带六级","绿蓝带五级","蓝带四级","蓝红带三级","红带二级","红黑带一级","黑带一段/品","黑带二段/品","黑带三段/品"],"isActive":true,"isVipPaid":false,"vipPayTime":""}
{"_id":"b7e94e9b680dff0401f6f66d21b19352","_openid":"J6fUocAFfr3dXrG19IA-qg","avatar":"","expireDate":"2025-10-07","gradeList":["白带十级","白黄带九级","黄带八级","黄绿带七级","绿带六级","绿蓝带五级","蓝带四级","蓝红带三级","红带二级","红黑带一级","黑带一段/品","黑带二段/品","黑带三段/品"],"idCard":"152528201803170011","isActive":true,"name":"包悉迪","status":"正常","updateTime":{"$date":"2025-05-10T00:59:22.28Z"},"grade":"白黄带九级","joinDate":"2024-04-01","phoneNumber":"15048915022","isVipPaid":false,"vipPayTime":""}
{"_id":"dcffa824680dec2e01f809d32094ce33","expireDate":"2030-04-01","grade":"白带十级","idCard":"152529202103260025","joinDate":"2025-03-03","name":"高艺芮","phoneNumber":"13514796543","_openid":"J6fUocAFfr3dXrG19IA-qg","status":"正常","updateTime":{"$date":"2025-05-10T00:59:38.527Z"},"isActive":true,"avatar":"https://636c-cloud1-6g5xcrtub6610fb6-1354054349.tcb.qcloud.la/avatars/1745828946667-s1bditwhhus.jpg","gradeList":["白带十级","白黄带九级","黄带八级","黄绿带七级","绿带六级","绿蓝带五级","蓝带四级","蓝红带三级","红带二级","红黑带一级","黑带一段/品","黑带二段/品","黑带三段/品"],"isVipPaid":false,"vipPayTime":""}
{"_id":"0e7893fb680de2d601f290e808148faa","expireDate":"2026-03-01","grade":"白带十级","gradeList":["白带十级","白黄带九级","黄带八级","黄绿带七级","绿带六级","绿蓝带五级","蓝带四级","蓝红带三级","红带二级","红黑带一级","黑带一段/品","黑带二段/品","黑带三段/品"],"name":"艾依斯","phoneNumber":"15847984417","_openid":"J6fUocAFfr3dXrG19IA-qg","avatar":"https://thirdwx.qlogo.cn/mmopen/vi_32/POgEwh4mIHO4nibH0KlMECNjjGxQUq24ZEaGT4poC6icRiccVGKSyXwibcPq4BWmiaIGuG1icwxaQX6grC9VemZoJ8rg/132","idCard":"152502202012080029","isActive":true,"joinDate":"2024-03-01","status":"正常","updateTime":{"$date":"2025-05-10T00:59:47.896Z"},"isVipPaid":false,"vipPayTime":""}
{"_id":"1b9686ec680de46101f344106d39f50b","_openid":"J6fUocAFfr3dXrG19IA-qg","grade":"白带十级","idCard":"152529202008080026","isActive":true,"name":"张佳禾","phoneNumber":"18747451073","status":"正常","avatar":"https://636c-cloud1-6g5xcrtub6610fb6-1354054349.tcb.qcloud.la/avatars/1745909370602.jpg","expireDate":"2026-03-01","gradeList":["白带十级","白黄带九级","黄带八级","黄绿带七级","绿带六级","绿蓝带五级","蓝带四级","蓝红带三级","红带二级","红黑带一级","黑带一段/品","黑带二段/品","黑带三段/品"],"joinDate":"2025-03-01","updateTime":{"$date":"2025-05-10T00:59:53.38Z"},"isVipPaid":false,"vipPayTime":""}
{"_id":"2b83cb16680de63801f24c68150f490a","expireDate":"2025-01-01","idCard":"152529201811130016","isActive":true,"phoneNumber":"13947982450","updateTime":{"$date":"2025-05-10T01:00:03.369Z"},"_openid":"J6fUocAFfr3dXrG19IA-qg","avatar":"","grade":"白黄带九级","gradeList":["白带十级","白黄带九级","黄带八级","黄绿带七级","绿带六级","绿蓝带五级","蓝带四级","蓝红带三级","红带二级","红黑带一级","黑带一段/品","黑带二段/品","黑带三段/品"],"joinDate":"2024-10-01","name":"池鑫栩","status":"正常","isVipPaid":false,"vipPayTime":""}
{"_id":"80a8bd4f680de73001f39f7a60b6e6f4","updateTime":{"$date":"2025-05-10T01:00:25.304Z"},"_openid":"J6fUocAFfr3dXrG19IA-qg","avatar":"https://thirdwx.qlogo.cn/mmopen/vi_32/POgEwh4mIHO4nibH0KlMECNjjGxQUq24ZEaGT4poC6icRiccVGKSyXwibcPq4BWmiaIGuG1icwxaQX6grC9VemZoJ8rg/132","expireDate":"2025-06-10","joinDate":"2023-06-01","phoneNumber":"15047980554","grade":"黄绿带七级","gradeList":["白带十级","白黄带九级","黄带八级","黄绿带七级","绿带六级","绿蓝带五级","蓝带四级","蓝红带三级","红带二级","红黑带一级","黑带一段/品","黑带二段/品","黑带三段/品"],"idCard":"152529201805170011","isActive":true,"name":"郑匀谦","status":"正常","isVipPaid":false,"vipPayTime":""}
{"_id":"5be31a71680de9e701f653af7b7c061c","grade":"白黄带九级","idCard":"361028201908072515","isActive":true,"status":"正常","_openid":"J6fUocAFfr3dXrG19IA-qg","avatar":"https://thirdwx.qlogo.cn/mmopen/vi_32/POgEwh4mIHO4nibH0KlMECNjjGxQUq24ZEaGT4poC6icRiccVGKSyXwibcPq4BWmiaIGuG1icwxaQX6grC9VemZoJ8rg/132","expireDate":"2025-11-09","updateTime":{"$date":"2025-05-10T01:00:30.969Z"},"gradeList":["白带十级","白黄带九级","黄带八级","黄绿带七级","绿带六级","绿蓝带五级","蓝带四级","蓝红带三级","红带二级","红黑带一级","黑带一段/品","黑带二段/品","黑带三段/品"],"joinDate":"2024-11-09","name":"刘可俊","phoneNumber":"18279479837","isVipPaid":false,"vipPayTime":""}
{"_id":"a6ec3048680dece401f43ebc3c66a588","isActive":true,"status":"正常","avatar":"","idCard":"152529201907040015","expireDate":"2025-07-01","grade":"黄带八级","gradeList":["白带十级","白黄带九级","黄带八级","黄绿带七级","绿带六级","绿蓝带五级","蓝带四级","蓝红带三级","红带二级","红黑带一级","黑带一段/品","黑带二段/品","黑带三段/品"],"joinDate":"2023-07-01","name":"张皓迪","phoneNumber":"15247108152","_openid":"J6fUocAFfr3dXrG19IA-qg","updateTime":{"$date":"2025-05-10T01:00:41.062Z"},"isVipPaid":false,"vipPayTime":""}
{"_id":"9f86c656680dee7501f2a66800f343b3","gradeList":["白带十级","白黄带九级","黄带八级","黄绿带七级","绿带六级","绿蓝带五级","蓝带四级","蓝红带三级","红带二级","红黑带一级","黑带一段/品","黑带二段/品","黑带三段/品"],"phoneNumber":"13947933307","updateTime":{"$date":"2025-05-10T01:00:56.418Z"},"avatar":"","grade":"蓝红带三级","expireDate":"2030-04-01","idCard":"152529201309050918","isActive":true,"joinDate":"2019-05-01","name":"阿纳尔","status":"正常","_openid":"J6fUocAFfr3dXrG19IA-qg","isVipPaid":false,"vipPayTime":""}
{"_id":"b0131947680df63601f8e6fb2c0ce229","idCard":"15252920160221001X","isActive":true,"joinDate":"2021-04-01","avatar":"","expireDate":"2024-11-25","grade":"绿蓝带五级","name":"裴思帆","phoneNumber":"15247998431","status":"已过期","updateTime":{"$date":"2025-05-10T01:01:04.766Z"},"_openid":"J6fUocAFfr3dXrG19IA-qg","gradeList":["白带十级","白黄带九级","黄带八级","黄绿带七级","绿带六级","绿蓝带五级","蓝带四级","蓝红带三级","红带二级","红黑带一级","黑带一段/品","黑带二段/品","黑带三段/品"],"isVipPaid":false,"vipPayTime":""}
{"_id":"2b83cb16680dfd8401f3a6ee322ded81","_openid":"J6fUocAFfr3dXrG19IA-qg","avatar":"https://636c-cloud1-6g5xcrtub6610fb6-1354054349.tcb.qcloud.la/avatars/1745908662259.jpg","expireDate":"2025-06-17","grade":"黄带八级","gradeList":["白带十级","白黄带九级","黄带八级","黄绿带七级","绿带六级","绿蓝带五级","蓝带四级","蓝红带三级","红带二级","红黑带一级","黑带一段/品","黑带二段/品","黑带三段/品"],"idCard":"15252720181001001X","joinDate":"2023-06-01","name":"王凯","status":"正常","isActive":true,"phoneNumber":"13238496646","updateTime":{"$date":"2025-05-10T01:01:09.984Z"},"isVipPaid":false,"vipPayTime":""}
{"_id":"b0131947680df45901f8d0cb13ea8d8b","gradeList":["白带十级","白黄带九级","黄带八级","黄绿带七级","绿带六级","绿蓝带五级","蓝带四级","蓝红带三级","红带二级","红黑带一级","黑带一段/品","黑带二段/品","黑带三段/品"],"phoneNumber":"15047913511","updateTime":{"$date":"2025-05-10T01:01:18.704Z"},"avatar":"","expireDate":"2026-01-09","isActive":true,"joinDate":"2024-11-01","name":"石家铭","status":"正常","_openid":"J6fUocAFfr3dXrG19IA-qg","grade":"白带十级","idCard":"152529201911290017","isVipPaid":false,"vipPayTime":""}
{"_id":"dcffa824680cb72301eac58762c8887c","_openid":"J6fUocAFfr3dXrG19IA-qg","grade":"黑带一段/品","idCard":"152529201111052152","isActive":true,"phoneNumber":"15148544858","status":"正常","updateTime":{"$date":"2025-05-10T01:01:26.367Z"},"avatar":"","expireDate":"2025-06-01","gradeList":["白带十级","白黄带九级","黄带八级","黄绿带七级","绿带六级","绿蓝带五级","蓝带四级","蓝红带三级","红带二级","红黑带一级","黑带一段/品","黑带二段/品","黑带三段/品"],"joinDate":"2025-04-26","name":"张紫阳","isVipPaid":false,"vipPayTime":""}
{"_id":"ed153fc7680deb4601f0a45b2cbd2d90","isActive":true,"joinDate":"2015-04-01","status":"正常","updateTime":{"$date":"2025-05-10T01:01:32.689Z"},"_openid":"J6fUocAFfr3dXrG19IA-qg","expireDate":"2030-04-01","grade":"黑带一段/品","idCard":"15252920080723132X","phoneNumber":"15547958325","avatar":"","gradeList":["白带十级","白黄带九级","黄带八级","黄绿带七级","绿带六级","绿蓝带五级","蓝带四级","蓝红带三级","红带二级","红黑带一级","黑带一段/品","黑带二段/品","黑带三段/品"],"name":"周奥妮","isVipPaid":false,"vipPayTime":""}
{"_id":"1b9686ec680deef201f3da3569866c8b","_openid":"J6fUocAFfr3dXrG19IA-qg","idCard":"152529201707030023","isActive":true,"joinDate":"2023-04-01","name":"孙诗雨","status":"正常","updateTime":{"$date":"2025-05-10T01:01:43.087Z"},"avatar":"","expireDate":"2025-11-26","grade":"黄带八级","gradeList":["白带十级","白黄带九级","黄带八级","黄绿带七级","绿带六级","绿蓝带五级","蓝带四级","蓝红带三级","红带二级","红黑带一级","黑带一段/品","黑带二段/品","黑带三段/品"],"phoneNumber":"15047911466","isVipPaid":false,"vipPayTime":""}
{"_id":"2b83cb16680df09101f2f8eb0afc1711","expireDate":"2026-03-01","grade":"绿带六级","gradeList":["白带十级","白黄带九级","黄带八级","黄绿带七级","绿带六级","绿蓝带五级","蓝带四级","蓝红带三级","红带二级","红黑带一级","黑带一段/品","黑带二段/品","黑带三段/品"],"phoneNumber":"13947969004","name":"阿木尔骏","status":"正常","_openid":"J6fUocAFfr3dXrG19IA-qg","avatar":"","idCard":"152529201309171111","isActive":true,"joinDate":"2018-03-01","updateTime":{"$date":"2025-05-10T01:01:47.488Z"},"isVipPaid":false,"vipPayTime":""}
{"_id":"c42c9d1b680df10001f113c307ed1185","_openid":"J6fUocAFfr3dXrG19IA-qg","avatar":"","grade":"白带十级","gradeList":["白带十级","白黄带九级","黄带八级","黄绿带七级","绿带六级","绿蓝带五级","蓝带四级","蓝红带三级","红带二级","红黑带一级","黑带一段/品","黑带二段/品","黑带三段/品"],"idCard":"152529202008270030","isActive":true,"joinDate":"2025-03-22","updateTime":{"$date":"2025-05-10T01:01:52.292Z"},"expireDate":"2026-03-22","name":" 庞嘉言","phoneNumber":"15847958859","status":"正常","isVipPaid":false,"vipPayTime":""}
{"_id":"c42c9d1b681eed5402bf64fd14111c53","isActive":true,"name":"锁日和塔尼","phoneNumber":"13848496989","avatar":"","expireDate":"2025-07-31","gradeList":["白带十级","白黄带九级","黄带八级","黄绿带七级","绿带六级","绿蓝带五级","蓝带四级","蓝红带三级","红带二级","红黑带一级","黑带一段/品","黑带二段/品","黑带三段/品"],"idCard":"152529200001010101","status":"正常","updateTime":{"$date":"2025-05-10T06:08:20.782Z"},"_openid":"J6fUocAFfr3dXrG19IA-qg","createTime":{"$date":"2025-05-10T06:08:20.782Z"},"grade":"白带十级","joinDate":"2025-03-01","isVipPaid":false,"vipPayTime":""}
{"_id":"c611b94668288d7c00765d0820ab22fa","_openid":"J6fUocAFfr3dXrG19IA-qg","joinDate":"2025-05-17","name":"王玥","phoneNumber":"15249527035","updateTime":{"$date":"2025-05-17T14:17:14.082Z"},"status":"正常","avatar":"cloud://cloud1-6g5xcrtub6610fb6.636c-cloud1-6g5xcrtub6610fb6-1354054349/avatars/1747488157513-vufnjjs34ng.jpg","expireDate":"2026-05-17","grade":"白带十级","gradeList":["白带十级","白黄带九级","黄带八级","黄绿带七级","绿带六级","绿蓝带五级","蓝带四级","蓝红带三级","红带二级","红黑带一级","黑带一段/品","黑带二段/品","黑带三段/品"],"idCard":"152529202010090020","isActive":true,"openid":"oP0kH7D1uplSo0HglEZgPmQJCdak","isVipPaid":false,"vipPayTime":""}
{"_id":"0e7893fb680de6e801f2bde8248cb052","status":"正常","avatar":"","expireDate":"2025-06-21","grade":"黄带八级","gradeList":["白带十级","白黄带九级","黄带八级","黄绿带七级","绿带六级","绿蓝带五级","蓝带四级","蓝红带三级","红带二级","红黑带一级","黑带一段/品","黑带二段/品","黑带三段/品"],"joinDate":"2024-03-01","name":" 王珞琂","_openid":"J6fUocAFfr3dXrG19IA-qg","idCard":"152529201611190014","isActive":true,"phoneNumber":"15004794400","updateTime":{"$date":"2025-05-19T10:54:03.608Z"},"isVipPaid":false,"vipPayTime":""}
{"_id":"2b83cb16680df22201f3116572596172","name":" 赵佳璇","avatar":"https://636c-cloud1-6g5xcrtub6610fb6-1354054349.tcb.qcloud.la/avatars/1745829367459-dsj1zfopxv9.jpg","idCard":"152529201703310036","isActive":true,"grade":"绿带六级","gradeList":["白带十级","白黄带九级","黄带八级","黄绿带七级","绿带六级","绿蓝带五级","蓝带四级","蓝红带三级","红带二级","红黑带一级","黑带一段/品","黑带二段/品","黑带三段/品"],"joinDate":"2021-09-01","phoneNumber":"18648046186","status":"已过期","_openid":"J6fUocAFfr3dXrG19IA-qg","expireDate":"2025-03-07","updateTime":{"$date":"2025-05-19T11:26:05.575Z"},"isVipPaid":false,"vipPayTime":""}
{"_id":"65dc6258680df7b501f631126d373fe2","expireDate":"2025-05-16","grade":"绿带六级","gradeList":["白带十级","白黄带九级","黄带八级","黄绿带七级","绿带六级","绿蓝带五级","蓝带四级","蓝红带三级","红带二级","红黑带一级","黑带一段/品","黑带二段/品","黑带三段/品"],"idCard":"152529201801190015","isActive":true,"name":" 孙睿阳","avatar":"","phoneNumber":"15249582793","updateTime":{"$date":"2025-05-19T11:26:59.331Z"},"status":"已过期","_openid":"J6fUocAFfr3dXrG19IA-qg","joinDate":"2021-03-01","isVipPaid":false,"vipPayTime":""}
{"_id":"073a77ac680debf801f43ab72ce19733","avatar":"","expireDate":"2026-05-10","gradeList":["白带十级","白黄带九级","黄带八级","黄绿带七级","绿带六级","绿蓝带五级","蓝带四级","蓝红带三级","红带二级","红黑带一级","黑带一段/品","黑带二段/品","黑带三段/品"],"idCard":"152529201803120010","updateTime":{"$date":"2025-05-23T06:58:29.409Z"},"_openid":"J6fUocAFfr3dXrG19IA-qg","grade":"绿带六级","isActive":true,"joinDate":"2024-04-01","name":" 许博超","phoneNumber":"14747919919","status":"正常","isVipPaid":false,"vipPayTime":""}
{"_id":"eea1754d6830206700e97976358a7c0a","createTime":{"$date":"2025-05-23T07:14:47.535Z"},"expireDate":"2026-05-23","gradeList":["白带十级","白黄带九级","黄带八级","黄绿带七级","绿带六级","绿蓝带五级","蓝带四级","蓝红带三级","红带二级","红黑带一级","黑带一段/品","黑带二段/品","黑带三段/品"],"isActive":true,"name":" 张广","phoneNumber":"13614795685","status":"正常","_openid":"J6fUocAFfr3dXrG19IA-qg","avatar":"","grade":"绿带六级","idCard":"152529201611240018","joinDate":"2021-05-01","updateTime":{"$date":"2025-05-23T07:14:47.535Z"},"isVipPaid":false,"vipPayTime":""}
{"_id":"a6ec3048680de69201f3e09d6a6d3645","isActive":true,"joinDate":"2023-03-01","status":"正常","updateTime":{"$date":"2025-05-23T08:14:32.118Z"},"grade":"绿带六级","gradeList":["白带十级","白黄带九级","黄带八级","黄绿带七级","绿带六级","绿蓝带五级","蓝带四级","蓝红带三级","红带二级","红黑带一级","黑带一段/品","黑带二段/品","黑带三段/品"],"idCard":"152529201810200019","phoneNumber":"15847911225","_openid":"J6fUocAFfr3dXrG19IA-qg","avatar":"cloud://cloud1-6g5xcrtub6610fb6.636c-cloud1-6g5xcrtub6610fb6-1354054349/avatars/1747988068812-s1jpe7eps0q.jpg","expireDate":"2025-12-31","name":"王沐","isVipPaid":false,"vipPayTime":""}
{"_id":"82bba809683199570102377a7c55f715","status":"正常","_openid":"J6fUocAFfr3dXrG19IA-qg","avatar":"","createTime":{"$date":"2025-05-24T10:03:03.263Z"},"grade":"白带十级","gradeList":["白带十级","白黄带九级","黄带八级","黄绿带七级","绿带六级","绿蓝带五级","蓝带四级","蓝红带三级","红带二级","红黑带一级","黑带一段/品","黑带二段/品","黑带三段/品"],"isActive":true,"joinDate":"2025-05-24","expireDate":"2025-11-24","idCard":"152529202008180035","name":"刘禹昊","phoneNumber":"15249555618","updateTime":{"$date":"2025-05-24T10:03:03.263Z"},"isVipPaid":false,"vipPayTime":""}
{"_id":"9f86c65668107742021138cc110b386b","avatar":"","expireDate":"2026-04-26","idCard":"15043020170204036X","isActive":true,"name":" 刘佳音","updateTime":{"$date":"2025-05-24T10:06:15.13Z"},"_openid":"J6fUocAFfr3dXrG19IA-qg","grade":"黄带八级","gradeList":["白带十级","白黄带九级","黄带八级","黄绿带七级","绿带六级","绿蓝带五级","蓝带四级","蓝红带三级","红带二级","红黑带一级","黑带一段/品","黑带二段/品","黑带三段/品"],"joinDate":"2024-04-26","phoneNumber":"15147169332","status":"正常","isVipPaid":false,"vipPayTime":""}
{"_id":"ed153fc7680deb1801f0a2e6514d91ea","avatar":"https://636c-cloud1-6g5xcrtub6610fb6-1354054349.tcb.qcloud.la/avatars/1745908357707.jpg","grade":"黄带八级","idCard":"152527201704240030","joinDate":"2024-05-20","name":"陈奕铭","status":"正常","_openid":"J6fUocAFfr3dXrG19IA-qg","updateTime":{"$date":"2025-05-25T11:19:52.15Z"},"isActive":true,"phoneNumber":"15247903669","expireDate":"2026-06-20","gradeList":["白带十级","白黄带九级","黄带八级","黄绿带七级","绿带六级","绿蓝带五级","蓝带四级","蓝红带三级","红带二级","红黑带一级","黑带一段/品","黑带二段/品","黑带三段/品"],"openid":"oP0kH7BAjDbfinid6TwpijyRa1wo","isVipPaid":false,"vipPayTime":""}
{"_id":"5377d5c0683a93ca01925f94667a56c2","status":"正常","avatar":"","grade":"白带十级","gradeList":["白带十级","白黄带九级","黄带八级","黄绿带七级","绿带六级","绿蓝带五级","蓝带四级","蓝红带三级","红带二级","红黑带一级","黑带一段/品","黑带二段/品","黑带三段/品"],"idCard":"152529202004230023","phoneNumber":"15947197603","name":" 郝馨","updateTime":{"$date":"2025-06-02T07:56:31.458Z"},"_openid":"J6fUocAFfr3dXrG19IA-qg","createTime":{"$date":"2025-05-31T05:29:46.463Z"},"expireDate":"2025-07-31","isActive":true,"joinDate":"2025-05-31","openid":"oP0kH7NVkDKvwnFu3MBOu4YjJTmA","isVipPaid":false,"vipPayTime":""}
{"_id":"eea1754d683a973001905ed7140c34d1","phoneNumber":"15249527131","expireDate":"2025-07-31","grade":"白带十级","joinDate":"2025-05-31","name":"刘颜可","idCard":"152529198712190027","isActive":true,"status":"正常","updateTime":{"$date":"2025-05-31T05:59:24.119Z"},"_openid":"J6fUocAFfr3dXrG19IA-qg","avatar":"","createTime":{"$date":"2025-05-31T05:44:16.674Z"},"gradeList":["白带十级","白黄带九级","黄带八级","黄绿带七级","绿带六级","绿蓝带五级","蓝带四级","蓝红带三级","红带二级","红黑带一级","黑带一段/品","黑带二段/品","黑带三段/品"],"openid":"oP0kH7NI-GvMtKipM4r_I9PYFH8M","isVipPaid":false,"vipPayTime":""}
{"_id":"fbf3bf43683bd16001a0b1c07c874792","avatar":"","isActive":true,"phoneNumber":"15247971419","status":"正常","gradeList":["白带十级","白黄带九级","黄带八级","黄绿带七级","绿带六级","绿蓝带五级","蓝带四级","蓝红带三级","红带二级","红黑带一级","黑带一段/品","黑带二段/品","黑带三段/品"],"idCard":"152527202004230039","joinDate":"2025-04-20","name":" 严硕","_openid":"J6fUocAFfr3dXrG19IA-qg","createTime":{"$date":"2025-06-01T04:04:48.296Z"},"expireDate":"2026-04-20","grade":"白带十级","updateTime":{"$date":"2025-06-01T04:04:48.296Z"},"isVipPaid":false,"vipPayTime":""}
{"_id":"c611b946683ef52501cbf90d5d7b3089","phoneNumber":"15147956735","_openid":"J6fUocAFfr3dXrG19IA-qg","createTime":{"$date":"2025-06-03T13:14:13.611Z"},"grade":"白带十级","gradeList":["白带十级","白黄带九级","黄带八级","黄绿带七级","绿带六级","绿蓝带五级","蓝带四级","蓝红带三级","红带二级","红黑带一级","黑带一段/品","黑带二段/品","黑带三段/品"],"idCard":"152529201308190919","joinDate":"2025-06-02","name":" 马宇凡","status":"正常","avatar":"","expireDate":"2025-08-02","isActive":true,"updateTime":{"$date":"2025-06-03T13:14:13.611Z"},"isVipPaid":false,"vipPayTime":""}
{"_id":"073a77ac680dee3801f45f4078e4482c","_openid":"J6fUocAFfr3dXrG19IA-qg","avatar":"","expireDate":"2026-04-19","gradeList":["白带十级","白黄带九级","黄带八级","黄绿带七级","绿带六级","绿蓝带五级","蓝带四级","蓝红带三级","红带二级","红黑带一级","黑带一段/品","黑带二段/品","黑带三段/品"],"phoneNumber":"15247979599","status":"正常","updateTime":{"$date":"2025-06-03T13:15:36.443Z"},"grade":"白带十级","idCard":"152502202006240014","isActive":true,"joinDate":"2025-04-19","name":"宋子炎","isVipPaid":false,"vipPayTime":""}
{"_id":"29dca3d5683ef5bb01cd75d52f667868","gradeList":["白带十级","白黄带九级","黄带八级","黄绿带七级","绿带六级","绿蓝带五级","蓝带四级","蓝红带三级","红带二级","红黑带一级","黑带一段/品","黑带二段/品","黑带三段/品"],"joinDate":"2025-06-02","avatar":"","grade":"白带十级","expireDate":"2025-08-02","idCard":"152529201804150019","isActive":true,"name":"阿茹汗","phoneNumber":"13722090465","status":"正常","_openid":"J6fUocAFfr3dXrG19IA-qg","createTime":{"$date":"2025-06-03T13:16:43.43Z"},"updateTime":{"$date":"2025-06-03T13:16:43.43Z"},"isVipPaid":false,"vipPayTime":""}
{"_id":"5377d5c0683a941d0192622e57b80b01","expireDate":"2026-01-24","gradeList":["白带十级","白黄带九级","黄带八级","黄绿带七级","绿带六级","绿蓝带五级","蓝带四级","蓝红带三级","红带二级","红黑带一级","黑带一段/品","黑带二段/品","黑带三段/品"],"idCard":"152529201801220018","name":"贾铭哲","phoneNumber":"17548964022","status":"正常","avatar":"","_openid":"J6fUocAFfr3dXrG19IA-qg","grade":"白带十级","isActive":true,"joinDate":"2025-05-24","updateTime":{"$date":"2025-06-03T13:18:22.237Z"},"isVipPaid":false,"vipPayTime":""}
{"_id":"d77d384f683ef69101cfbcc626d4d2a8","gradeList":["白带十级","白黄带九级","黄带八级","黄绿带七级","绿带六级","绿蓝带五级","蓝带四级","蓝红带三级","红带二级","红黑带一级","黑带一段/品","黑带二段/品","黑带三段/品"],"isActive":true,"joinDate":"2025-04-26","name":" 高喆","phoneNumber":"18847913397","status":"正常","avatar":"","grade":"白带十级","updateTime":{"$date":"2025-06-03T13:20:17.47Z"},"expireDate":"2026-01-26","idCard":"152529201706180011","_openid":"J6fUocAFfr3dXrG19IA-qg","createTime":{"$date":"2025-06-03T13:20:17.47Z"},"isVipPaid":false,"vipPayTime":""}