{"_id":"1b9686ec680cc0a101e76af37a666e0e","studentName":"杨佳淼","updateTime":{"$date":"2025-04-28T08:04:02.348Z"},"competitionName":"中台联跆拳道超级联赛幼儿","description":"杨佳淼  中台联跆拳道超级联赛幼儿女子一组22公斤级冠军","studentGrade":"红黑带一级","rank":"gold","studentAvatar":"","competitionDate":"2022-04-05","imageUrl":"","studentId":"2b83cb16680cbd5b01e68b553546571c","_openid":"xBe96-5AupIwrT1iiTtMeg","awardName":"中台联跆拳道超级联赛幼儿","heatValue":0.0}
{"_id":"76c63bbb680cbed401e36f44606c0b60","competitionDate":"2024-04-10","competitionName":"男子少儿a组48公斤级冠军","rank":"gold","studentName":"希如海","heatValue":0.0,"studentGrade":"红黑带(1级)","_openid":"sz6l1jo7TM1f54rGMGbOUQ","imageUrl":"","studentId":"76c63bbb680cbcd701e3589927691106","updateTime":{"$date":"2025-04-28T11:12:06.606Z"},"awardName":"2024年锡林郭勒盟第4届青年跆拳道锦标赛","description":"希如海 2024年锡林郭勒盟第4届青年跆拳道锦标赛男子少儿a组48公斤级冠军","studentAvatar":""}
{"_id":"e1cff635680df35c01f5db4266920754","studentId":"2b83cb16680cb6de01e648ac7008f339","competitionName":"男子26公斤","imageUrl":"","studentAvatar":"https://thirdwx.qlogo.cn/mmopen/vi_32/POgEwh4mIHO4nibH0KlMECNjjGxQUq24ZEaGT4poC6icRiccVGKSyXwibcPq4BWmiaIGuG1icwxaQX6grC9VemZoJ8rg/132","rank":"gold","studentGrade":"绿带六级","studentName":"王泓毅","updateTime":{"$date":"2025-04-28T11:13:38.135Z"},"competitionDate":"2024-10-01","description":"","heatValue":0.0,"_openid":"sz6l1jo7TM1f54rGMGbOUQ","awardName":"2024年锡林郭勒盟第四届青少年跆拳道锦标赛"}
{"_id":"65dc6258680df24801f5f31d56d6f621","competitionDate":"2024-10-01","studentAvatar":"https://thirdwx.qlogo.cn/mmopen/vi_32/POgEwh4mIHO4nibH0KlMECNjjGxQUq24ZEaGT4poC6icRiccVGKSyXwibcPq4BWmiaIGuG1icwxaQX6grC9VemZoJ8rg/132","studentName":" 赵佳璇","awardName":"2024年锡林郭勒盟第四届青少年跆拳道锦标赛","imageUrl":"","rank":"gold","heatValue":0.0,"studentGrade":"绿带六级","_openid":"sz6l1jo7TM1f54rGMGbOUQ","description":"","competitionName":"男子萌娃B组28kg第一名","studentId":"2b83cb16680df22201f3116572596172","updateTime":{"$date":"2025-04-28T11:13:52.251Z"}}
{"_id":"b7e94e9b680cc06a01e91d5710a67fa1","awardName":"全国体育运动学校联合会青少儿跆拳道巡回赛暨城市对抗赛","competitionDate":"2023-04-04","description":"姚雨涵  2023年，全国体育运动学校联合会青少儿跆拳道巡回赛暨城市对抗赛少儿甲组女41公斤级亚军","studentId":"0e7893fb680cbd1101e6f1c4108d3dae","studentName":"姚雨涵","updateTime":{"$date":"2025-04-28T11:15:00.057Z"},"_openid":"sz6l1jo7TM1f54rGMGbOUQ","rank":"silver","imageUrl":"","studentAvatar":"https://thirdwx.qlogo.cn/mmopen/vi_32/POgEwh4mIHO4nibH0KlMECNjjGxQUq24ZEaGT4poC6icRiccVGKSyXwibcPq4BWmiaIGuG1icwxaQX6grC9VemZoJ8rg/132","competitionName":"少儿甲组女41公斤级亚军","heatValue":0.0,"studentGrade":"黑带一段/品"}
{"_id":"b0131947680def8c01f8866f513811f0","_openid":"sz6l1jo7TM1f54rGMGbOUQ","studentGrade":"蓝带四级","awardName":"2024年锡林郭勒盟第四届青少年跆拳道锦标赛","description":"2024年呼和浩特市年青少儿跆拳道巡回赛暨城市对抗赛中荣获幼儿A男34公斤第三名","imageUrl":"","rank":"gold","studentAvatar":"https://thirdwx.qlogo.cn/mmopen/vi_32/POgEwh4mIHO4nibH0KlMECNjjGxQUq24ZEaGT4poC6icRiccVGKSyXwibcPq4BWmiaIGuG1icwxaQX6grC9VemZoJ8rg/132","updateTime":{"$date":"2025-04-28T11:15:26.104Z"},"competitionDate":"2024-10-01","studentId":"b0131947680def2801f87c4959066e00","studentName":" 张珩","competitionName":"男子幼儿A组34公斤","heatValue":0.0}
{"_id":"80a8bd4f680df19a01f44cfd36a7e555","studentGrade":"蓝带四级","studentId":"b7e94e9b680df15701f646c039b3b835","awardName":"2024年锡林郭勒盟第四届青少年跆拳道锦标赛","_openid":"sz6l1jo7TM1f54rGMGbOUQ","competitionDate":"2024-10-01","heatValue":0.0,"studentAvatar":"","studentName":"王博洋","competitionName":"男子26公斤亚军","description":"","imageUrl":"","rank":"silver","updateTime":{"$date":"2025-04-28T11:15:45.473Z"}}
{"_id":"1b9686ec680dedcd01f3c5fb6681b9c7","_openid":"sz6l1jo7TM1f54rGMGbOUQ","description":"","studentAvatar":"","studentName":" 阿明吉雅","heatValue":0.0,"imageUrl":"","rank":"gold","studentId":"ed153fc7680ded7e01f0df076626399d","competitionName":"男子26公斤级冠军","updateTime":{"$date":"2025-04-28T11:16:03.646Z"},"awardName":"2024年锡林郭勒盟第四届青少年跆拳道锦标赛","competitionDate":"2024-10-01","studentGrade":"绿带六级"}
{"_id":"d33be422680deaa301f2f43963bcd09a","competitionDate":"2024-10-01","heatValue":2,"updateTime":{"$date":"2025-04-28T11:29:03.497Z"},"rank":"gold","studentId":"80a8bd4f680dea3b01f3d93f43dc9c49","studentAvatar":"https://thirdwx.qlogo.cn/mmopen/vi_32/POgEwh4mIHO4nibH0KlMECNjjGxQUq24ZEaGT4poC6icRiccVGKSyXwibcPq4BWmiaIGuG1icwxaQX6grC9VemZoJ8rg/132","studentGrade":"蓝带四级","studentName":"高艺涵","_openid":"sz6l1jo7TM1f54rGMGbOUQ","awardName":"2024年锡林郭勒盟第四届青少年跆拳道锦标赛","description":"","imageUrl":"","competitionName":"男子20公斤级冠军"}
{"_id":"85b0d333680df70501f3fb3f6054bc56","rank":"gold","studentAvatar":"https://thirdwx.qlogo.cn/mmopen/vi_32/POgEwh4mIHO4nibH0KlMECNjjGxQUq24ZEaGT4poC6icRiccVGKSyXwibcPq4BWmiaIGuG1icwxaQX6grC9VemZoJ8rg/132","studentGrade":"黑带一段/品","studentId":"c42c9d1b680df68801f1654d253b74f1","_openid":"sz6l1jo7TM1f54rGMGbOUQ","competitionDate":"2020-12-19","competitionName":"男子幼儿乙组29KG","heatValue":4,"updateTime":{"$date":"2025-06-28T10:56:33.858Z"},"imageUrl":"","awardName":"2020年“蒙盛杯”中跆联跆拳道超级联赛锡林郭勒盟正镶白旗分站赛","description":"2020年12月19日“蒙盛杯”中跆联跆拳道超级联赛锡林郭勒盟正镶白旗分站赛男子幼儿乙组29KG第一名\n2021年7月30日大同市“中跆联北”跆拳道超级联赛儿童A组男子丙29KG4第二名\n2021年6月20日中跆联跆拳道超级联赛内蒙古正镶白旗振威武道馆智能大赛第一名\n2021年7月31日大同市“中跆联杯”跆拳道超级联赛快腿王男子争霸赛第一名\n2021年7月30日—31日大同市“中跆联杯”跆拳道超级联赛双人竞技男子28KG第五名\n2021年7月30日—31日大同市“中跆联杯”跆拳道超级联赛儿童A组男子丙组个人品势第三名\n2021年7月30日—31日大同市“中跆联杯”跆拳道超级联赛快拳王男子争霸赛第四名\n2020年12月19日“蒙盛杯”中跆联跆拳道超级联赛锡林郭勒盟正镶白旗分站赛男子快腿王第三名","studentName":"奥琦"}
{"_id":"65dc6258680df01d01f5ce7a7fc096c8","heatValue":0.0,"imageUrl":"","updateTime":{"$date":"2025-04-28T11:18:53.437Z"},"studentAvatar":"","studentGrade":"红黑带一级","competitionDate":"2023-10-01","rank":"gold","studentId":"0e7893fb680defed01f3508462436af7","_openid":"sz6l1jo7TM1f54rGMGbOUQ","awardName":"2023年全国体育运动学校联合会青少儿跆拳道巡回赛暨城市对抗赛","competitionName":"男35kg冠军","description":"2021年中跆联跆拳道超级联赛荣获竞技对抗赛第二名，个人品势第二名，快腿王第三名，快拳王第二名\n2021年7月在中跆联跆拳道","studentName":"宋子墨"}
{"_id":"85b0d333680de8fa01f31dd47a07e327","description":"","studentGrade":"白黄带九级","awardName":"2024年锡林郭勒盟第四届青少年跆拳道锦标赛","studentAvatar":"","_openid":"sz6l1jo7TM1f54rGMGbOUQ","competitionDate":"2024-10-01","competitionName":"女子快腿王冠军，25公斤级季军","heatValue":0.0,"imageUrl":"","rank":"gold","studentName":"耿宜格","updateTime":{"$date":"2025-04-28T11:19:06.902Z"},"studentId":"5be31a71680de87701f63ed30473c7c6"}
{"_id":"b7e94e9b680f3f900205cc526330d3db","updateTime":{"$date":"2025-06-14T08:36:44.909Z"},"_openid":"xBe96-5AupIwrT1iiTtMeg","imageUrl":"","studentGrade":"黄绿带七级","awardName":"2024年锡林郭勒盟第四届青少年跆拳道锦标赛","studentName":" 刘睿坤","competitionName":"女子萌娃B组22公斤级","rank":"gold","studentAvatar":"https://636c-cloud1-6g5xcrtub6610fb6-1354054349.tcb.qcloud.la/avatars/1745829407105-8dnnjyctqal.jpg","heatValue":5,"studentId":"76c63bbb680df49201efe9993bb7ab77","competitionDate":"2024-10-01","description":""}
{"_id":"6a580dc9680df5b101f2b90a0f6013e7","_openid":"xBe96-5AupIwrT1iiTtMeg","competitionName":"冠军","heatValue":0.0,"studentId":"65dc6258680df57f01f61970629b982f","studentName":"刘嘉乐","description":"2024年7月大同比赛获得第二名","rank":"gold","studentAvatar":"cloud://cloud1-6g5xcrtub6610fb6.636c-cloud1-6g5xcrtub6610fb6-1354054349/avatars/1745829428404-ocko2bpi6.jpg","studentGrade":"绿带六级","awardName":"2024年锡林郭勒盟第四届青少年跆拳道锦标赛","competitionDate":"2024-10-01","imageUrl":"","updateTime":{"$date":"2025-04-28T11:32:01.741Z"}}
{"_id":"c42c9d1b681071ab020e5f8a121bd4bc","createTime":{"$date":"2025-04-29T06:28:59.897Z"},"studentGrade":"黑带一段/品","studentId":"e23fc3b2680f400201ff102b20f6f90f","_openid":"J6fUocAFfr3dXrG19IA-qg","competitionName":"团体竞技36㎏","heatValue":2,"awardName":"2023年第六届中跆联跆拳道超级联赛 暨中蒙跆拳道国际联赛","description":"","imageUrl":"","rank":"gold","studentAvatar":"cloud://cloud1-6g5xcrtub6610fb6.636c-cloud1-6g5xcrtub6610fb6-1354054349/avatars/1745857963244-3z0zpf9ouqx.jpg","studentName":"马浩","updateTime":{"$date":"2025-07-16T06:31:20.453Z"},"competitionDate":"2023-08-01"}
{"_id":"0e7893fb680df54101f39d911d6d1444","competitionDate":"2024-10-01","imageUrl":"","_openid":"J6fUocAFfr3dXrG19IA-qg","description":"2024年7月大同比赛获得第二名","studentAvatar":"https://thirdwx.qlogo.cn/mmopen/vi_32/POgEwh4mIHO4nibH0KlMECNjjGxQUq24ZEaGT4poC6icRiccVGKSyXwibcPq4BWmiaIGuG1icwxaQX6grC9VemZoJ8rg/132","studentId":"5be31a71680df4e801f73cae366a5d37","updateTime":{"$date":"2025-04-29T06:55:51.607Z"},"awardName":"2024年锡林郭勒盟第四届青少年跆拳道锦标赛","heatValue":1,"rank":"gold","studentGrade":"黄带八级","studentName":"刘嘉欢","competitionName":"冠军"}
{"_id":"073a77ac6816681d02577fa411cf97d5","imageUrl":"","studentGrade":"绿带六级","studentId":"2b83cb16680df22201f3116572596172","_openid":"J6fUocAFfr3dXrG19IA-qg","createTime":{"$date":"2025-05-03T19:01:49.176Z"},"heatValue":0.0,"updateTime":{"$date":"2025-05-03T19:01:49.176Z"},"awardName":"2025年第三届内蒙古自治区武道精英赛暨第五届“王中王”挑战赛","competitionName":"男子幼儿甲组33kg","description":"个人跳绳男子幼儿甲组亚军\n电子竞速男子幼儿甲组亚军\n","competitionDate":"2025-05-01","studentAvatar":"cloud://cloud1-6g5xcrtub6610fb6.636c-cloud1-6g5xcrtub6610fb6-1354054349/avatars/1745829367459-dsj1zfopxv9.jpg","studentName":" 赵佳璇","rank":"gold"}
{"_id":"ed153fc7681668d60252886a0845b51d","competitionDate":"2025-05-01","rank":"silver","updateTime":{"$date":"2025-05-03T19:04:54.236Z"},"_openid":"J6fUocAFfr3dXrG19IA-qg","awardName":"2025年第三届内蒙古自治区武道精英赛暨第五届“王中王”挑战赛","imageUrl":"","studentGrade":"黑带1段/品","studentId":"2b83cb16680deea001f2caeb60bd9273","createTime":{"$date":"2025-05-03T19:04:54.236Z"},"description":"电子竞速男子儿童甲组季军\n个人跳绳男子儿童甲组季军","studentAvatar":"cloud://cloud1-6g5xcrtub6610fb6.636c-cloud1-6g5xcrtub6610fb6-1354054349/avatars/1745829385834-aetzp8o4cz.jpg","competitionName":"男子儿童甲组33kg","heatValue":0.0,"studentName":"秦毅"}
{"_id":"5be31a71681669420257eab078bd6a37","imageUrl":"","rank":"gold","studentAvatar":"cloud://cloud1-6g5xcrtub6610fb6.636c-cloud1-6g5xcrtub6610fb6-1354054349/avatars/1745829454739-rvlmrxl0g3.jpg","studentName":" 张珩","competitionName":"男子幼儿甲组39kg","description":"腾空前踢击破男子幼儿甲组。竞速直拳男子幼儿甲组","awardName":"2025年第三届内蒙古自治区武道精英赛暨第五届“王中王”挑战赛","competitionDate":"2025-05-01","updateTime":{"$date":"2025-05-03T19:06:42.839Z"},"_openid":"J6fUocAFfr3dXrG19IA-qg","studentGrade":"蓝带四级","studentId":"b0131947680def2801f87c4959066e00","createTime":{"$date":"2025-05-03T19:06:42.839Z"},"heatValue":0.0}
{"_id":"c42c9d1b681d5dd102ac1875130e7765","_openid":"J6fUocAFfr3dXrG19IA-qg","awardName":"2025年第三届内蒙古自治区武道精英赛暨第五届“王中王”挑战赛","studentId":"073a77ac680debf801f43ab72ce19733","studentName":" 许博超","competitionDate":"2025-05-02","heatValue":1,"studentAvatar":"","competitionName":"个人竞技男子幼儿乙组20kg冠军，个人男子跳绳亚军，电子竞速亚军","description":"","rank":"gold","studentGrade":"绿带  (5级)","updateTime":{"$date":"2025-06-29T11:08:40.003Z"},"createTime":{"$date":"2025-05-09T01:43:45.997Z"},"imageUrl":""}
{"_id":"b0131947681d5e4602b305fc03f7546a","description":"","rank":"gold","createTime":{"$date":"2025-05-09T01:45:42.008Z"},"studentAvatar":"cloud://cloud1-6g5xcrtub6610fb6.636c-cloud1-6g5xcrtub6610fb6-1354054349/avatars/1745829303219-nyqssby3gne.jpg","studentId":"2b83cb16680cb6de01e648ac7008f339","awardName":"2025年第三届内蒙古自治区武道精英赛暨第五届“王中王”挑战赛","competitionDate":"2025-05-01","competitionName":"竞速直拳男子幼儿甲组冠军。电子竞速男子幼儿亚军，男子幼儿甲组24kg级季军","heatValue":0.0,"studentName":"王弘毅","_openid":"J6fUocAFfr3dXrG19IA-qg","imageUrl":"","studentGrade":"绿带六级","updateTime":{"$date":"2025-05-09T01:45:42.008Z"}}
{"_id":"80a8bd4f681d5eb602ae028a2427b671","createTime":{"$date":"2025-05-09T01:47:34.854Z"},"description":"","imageUrl":"","studentId":"5be31a71680de87701f63ed30473c7c6","updateTime":{"$date":"2025-05-09T01:47:34.854Z"},"heatValue":0.0,"studentGrade":"白黄带九级","_openid":"J6fUocAFfr3dXrG19IA-qg","competitionDate":"2025-05-01","studentName":"耿宜格","awardName":"2025年第三届内蒙古自治区武道精英赛暨第五届“王中王”挑战赛","competitionName":"个人跳绳女子乙组冠军，竞速直拳女子乙组亚军，个人竞技女子幼儿26kg级亚军。电子竞速女子亚军。","rank":"gold","studentAvatar":"cloud://cloud1-6g5xcrtub6610fb6.636c-cloud1-6g5xcrtub6610fb6-1354054349/avatars/1745828866801-tw8inus1s3a.jpg"}
{"_id":"a6ec3048681d5f0b02b062a312a40ea2","description":"","updateTime":{"$date":"2025-07-14T04:04:25.13Z"},"competitionDate":"2025-05-01","studentAvatar":"cloud://cloud1-6g5xcrtub6610fb6.636c-cloud1-6g5xcrtub6610fb6-1354054349/avatars/1745908518077-cx6ku3n9by.jpg","studentId":"dcffa824680dec8401f812be5cdaa3f4","_openid":"J6fUocAFfr3dXrG19IA-qg","awardName":"2025年第三届内蒙古自治区武道精英赛暨第五届“王中王”挑战赛","heatValue":7,"imageUrl":"","rank":"gold","studentGrade":"黑带1段/品","studentName":"陶日浓","competitionName":"个人竞技男子少儿乙组51kg级冠军，腾空前踢季军，电子竞速季军","createTime":{"$date":"2025-05-09T01:48:59.113Z"}}
{"_id":"a6ec3048681d5f4602b065070d1b127d","studentAvatar":"https://636c-cloud1-6g5xcrtub6610fb6-1354054349.tcb.qcloud.la/avatars/1745829527219-tb1efpwkev.jpg","studentGrade":"黄带  (7级)","studentName":"胡斯乐夫","createTime":{"$date":"2025-05-09T01:49:58.917Z"},"description":"","heatValue":0.0,"studentId":"d33be422680dee0401f32aee3335658b","_openid":"J6fUocAFfr3dXrG19IA-qg","competitionName":"竞速直拳冠军，个人竞技亚军。电子竞速亚军。","imageUrl":"","rank":"gold","awardName":"2025年第三届内蒙古自治区武道精英赛暨第五届“王中王”挑战赛","competitionDate":"2025-05-01","updateTime":{"$date":"2025-05-09T01:49:58.917Z"}}
{"_id":"65dc6258681d5f8402b18b4714fa1051","competitionName":"个人跳绳冠军，个人竞技26kg季军，腾空前踢季军","studentAvatar":"cloud://cloud1-6g5xcrtub6610fb6.636c-cloud1-6g5xcrtub6610fb6-1354054349/avatars/1745829503284-f93hpl2j7lk.jpg","studentGrade":"绿带六级","updateTime":{"$date":"2025-07-16T06:51:59.623Z"},"description":"","heatValue":4,"rank":"gold","studentId":"ed153fc7680ded7e01f0df076626399d","_openid":"J6fUocAFfr3dXrG19IA-qg","awardName":"2025年第三届内蒙古自治区武道精英赛暨第五届“王中王”挑战赛","competitionDate":"2025-05-01","createTime":{"$date":"2025-05-09T01:51:00.094Z"},"imageUrl":"","studentName":" 阿明吉雅"}
{"_id":"6a580dc9681d5fcc02ad43fb7911aaa8","updateTime":{"$date":"2025-06-14T08:25:16.575Z"},"awardName":" 2025年第三届内蒙古自治区武道精英赛暨第五届“王中王”挑战赛","studentId":"b7e94e9b680df15701f646c039b3b835","studentName":"王博洋","studentAvatar":"cloud://cloud1-6g5xcrtub6610fb6.636c-cloud1-6g5xcrtub6610fb6-1354054349/avatars/1745829334492-4q7jnke0e6o.jpg","_openid":"J6fUocAFfr3dXrG19IA-qg","createTime":{"$date":"2025-05-09T01:52:12.799Z"},"description":"","imageUrl":"","rank":"gold","competitionDate":"2025-05-01","competitionName":"个人跳绳冠军，腾空前踢季军，个人竞技33kg季军。","heatValue":1,"studentGrade":"蓝带四级"}
{"_id":"65dc6258681d601202b19108211a74fb","awardName":"2025年第三届内蒙古自治区武道精英赛暨第五届“王中王”挑战赛","createTime":{"$date":"2025-05-09T01:53:22.422Z"},"heatValue":2,"rank":"gold","studentAvatar":"https://636c-cloud1-6g5xcrtub6610fb6-1354054349.tcb.qcloud.la/avatars/1745728797825.jpg","studentName":"冯娅桐","imageUrl":"","studentGrade":"红黑带一级","updateTime":{"$date":"2025-06-18T11:35:30.891Z"},"_openid":"J6fUocAFfr3dXrG19IA-qg","competitionDate":"2025-05-01","competitionName":"个人竞技女子33kg级冠军，腾空前踢冠军，个人跳绳女子冠军。","description":"","studentId":"65dc6258680cbda601e8d1936924d7d7"}
{"_id":"a6ec3048681d604702b06ddc3daea5ae","updateTime":{"$date":"2025-05-09T09:32:28.318Z"},"studentId":"80a8bd4f680dea3b01f3d93f43dc9c49","studentGrade":"蓝带四级","createTime":{"$date":"2025-05-09T01:54:15.888Z"},"competitionName":"个人竞技男子幼儿甲组24kg级冠军。个人跳绳冠军，电子竞速冠军。","description":"","imageUrl":"","competitionDate":"2025-05-01","awardName":"2025年第三届内蒙古自治区武道精英赛暨第五届“王中王”挑战赛","heatValue":5,"rank":"gold","studentAvatar":"cloud://cloud1-6g5xcrtub6610fb6.636c-cloud1-6g5xcrtub6610fb6-1354054349/avatars/1745828938939-oog5gztg2zf.jpg","studentName":"高艺涵","_openid":"J6fUocAFfr3dXrG19IA-qg"}
{"_id":"76c63bbb681d608e02a84b0d02df9ace","studentAvatar":"cloud://cloud1-6g5xcrtub6610fb6.636c-cloud1-6g5xcrtub6610fb6-1354054349/avatars/1745907016795-6bveapflsbt.jpg","studentGrade":"黄绿带七级","competitionDate":"2025-05-01","competitionName":"个人竞技女子幼儿甲组24kg级冠军。电子竞速冠军，个人跳绳冠军。","createTime":{"$date":"2025-05-09T01:55:26.228Z"},"heatValue":0.0,"rank":"gold","_openid":"J6fUocAFfr3dXrG19IA-qg","awardName":"2025年第三届内蒙古自治区武道精英赛暨第五届“王中王”挑战赛","description":"","updateTime":{"$date":"2025-05-09T01:55:26.228Z"},"imageUrl":"","studentId":"76c63bbb680df49201efe9993bb7ab77","studentName":"刘睿坤"}
{"_id":"ed153fc7681d60c902aa5c636469e4e5","imageUrl":"","studentAvatar":"https://636c-cloud1-6g5xcrtub6610fb6-1354054349.tcb.qcloud.la/avatars/1745831296838-cssli9phlz9.jpg","updateTime":{"$date":"2025-05-09T01:56:25.883Z"},"_openid":"J6fUocAFfr3dXrG19IA-qg","awardName":"2025年第三届内蒙古自治区武道精英赛暨第五届“王中王”挑战赛","competitionDate":"2025-05-01","description":"","studentName":"逯晨曦","competitionName":"个人竞技女子幼儿甲组27kg级冠军，个人跳绳冠军。电子竞速季军。","createTime":{"$date":"2025-05-09T01:56:25.883Z"},"heatValue":0.0,"rank":"gold","studentGrade":"黄带八级","studentId":"65dc6258680deba701f588cc49c94da7"}
{"_id":"b7e94e9b681d614f02aea0aa614c70eb","createTime":{"$date":"2025-05-09T01:58:39.525Z"},"heatValue":2,"updateTime":{"$date":"2025-06-28T10:26:12.717Z"},"competitionDate":"2025-05-01","description":"","imageUrl":"","rank":"silver","studentAvatar":"cloud://cloud1-6g5xcrtub6610fb6.636c-cloud1-6g5xcrtub6610fb6-1354054349/avatars/1745829428404-ocko2bpi6.jpg","studentGrade":"绿带六级","studentId":"65dc6258680df57f01f61970629b982f","_openid":"J6fUocAFfr3dXrG19IA-qg","awardName":"2025年第三届内蒙古自治区武道精英赛暨第五届“王中王”挑战赛","competitionName":"个人竞技男子幼儿甲组24kg亚军，个人跳绳亚军，电子竞速季军","studentName":"刘嘉乐"}
{"_id":"073a77ac681d618902af7cb464050fcb","awardName":"2025年第三届内蒙古自治区武道精英赛暨第五届“王中王”挑战赛","competitionDate":"2025-05-01","studentId":"5be31a71680df4e801f73cae366a5d37","updateTime":{"$date":"2025-05-09T01:59:37.778Z"},"studentName":"刘嘉欢","_openid":"J6fUocAFfr3dXrG19IA-qg","createTime":{"$date":"2025-05-09T01:59:37.778Z"},"rank":"bronze","studentAvatar":"https://636c-cloud1-6g5xcrtub6610fb6-1354054349.tcb.qcloud.la/avatars/1745829419488-w56k4q4es4.jpg","studentGrade":"绿带六级","competitionName":"个人竞技男子幼儿甲组24kg级季军。个人跳绳季军。电子竞速季军。","description":"","heatValue":0.0,"imageUrl":""}
{"_id":"073a77ac680f254502020ea85f1587fd","description":"","heatValue":0.0,"imageUrl":"","rank":"gold","studentGrade":"蓝带四级","competitionName":"女子儿童B甲组26公斤级冠军","awardName":"2023年第6届中台跆拳道超级联赛","competitionDate":"2023-04-15","studentId":"65dc6258680cbda601e8d1936924d7d7","studentName":"冯娅桐","updateTime":{"$date":"2025-06-18T12:02:45.458Z"},"_openid":"z6DuPljRvHtviEiqOFnJ_w","studentAvatar":"https://636c-cloud1-6g5xcrtub6610fb6-1354054349.tcb.qcloud.la/avatars/1745728797825.jpg"}
