{"_id":"8524406c683ff48301e25af7452ddf13","order_no":"VIP20250604977078","student_id":"e23fc3b2680f6d9402024082716505e5","open_id":"oP0kH7NxklVlY14FRzCKkdg0HNdI","order_type":1,"amount":0.01,"status":0,"created_at":{"$date":"2025-06-04T07:23:47.285Z"}}
{"_id":"f4ec2f0f683ff49a01e0c64a7de18775","order_no":"VIP20250604365574","student_id":"e23fc3b2680f6d9402024082716505e5","open_id":"oP0kH7NxklVlY14FRzCKkdg0HNdI","order_type":1,"amount":0.01,"status":0,"created_at":{"$date":"2025-06-04T07:24:10.912Z"}}
{"_id":"d77d384f683ff59b01e1c5595658b5cb","order_no":"VIP20250604601153","student_id":"e23fc3b2680f6d9402024082716505e5","open_id":"oP0kH7NxklVlY14FRzCKkdg0HNdI","order_type":1,"amount":0.01,"status":0,"created_at":{"$date":"2025-06-04T07:28:27.497Z"}}
{"_id":"61493796683ff8a201de690379a2a2be","order_no":"VIP20250604685934","student_id":"e23fc3b2680f6d9402024082716505e5","open_id":"oP0kH7NxklVlY14FRzCKkdg0HNdI","order_type":1,"amount":1,"status":0,"created_at":{"$date":"2025-06-04T07:41:22.844Z"}}
{"_id":"f4ec2f0f683ffa5d01e132fb4b34c5bc","order_no":"VIP20250604568885","student_id":"e23fc3b2680f6d9402024082716505e5","open_id":"oP0kH7NxklVlY14FRzCKkdg0HNdI","order_type":1,"amount":1,"status":0,"created_at":{"$date":"2025-06-04T07:48:45.234Z"}}
{"_id":"fbf3bf43683ffa5d01e0daf14c08f580","order_no":"VIP20250604528519","student_id":"e23fc3b2680f6d9402024082716505e5","open_id":"oP0kH7NxklVlY14FRzCKkdg0HNdI","order_type":1,"amount":1,"status":0,"created_at":{"$date":"2025-06-04T07:48:45.354Z"}}
{"_id":"6c2530cc683ffd9801de5f260ebc10e9","order_no":"VIP20250604711349","student_id":"e23fc3b2680f6d9402024082716505e5","open_id":"oP0kH7NxklVlY14FRzCKkdg0HNdI","order_type":1,"amount":1,"status":0,"created_at":{"$date":"2025-06-04T08:02:32.52Z"}}
{"_id":"614937966840013f01df357c4827efee","order_no":"VIP20250604807764","student_id":"e23fc3b2680f6d9402024082716505e5","open_id":"oP0kH7NxklVlY14FRzCKkdg0HNdI","order_type":1,"amount":1,"status":0,"created_at":{"$date":"2025-06-04T08:18:07.985Z"}}
{"_id":"82bba8096840071b01dfc3722119b321","order_no":"VIP20250604358634","student_id":"e23fc3b2680f6d9402024082716505e5","open_id":"oP0kH7NxklVlY14FRzCKkdg0HNdI","order_type":1,"amount":1,"status":0,"created_at":{"$date":"2025-06-04T08:43:07.98Z"}}
{"_id":"eea1754d68400a6501e0ddc506cb48e9","order_no":"VIP20250604673827","student_id":"e23fc3b2680f6d9402024082716505e5","open_id":"oP0kH7NxklVlY14FRzCKkdg0HNdI","order_type":1,"amount":1,"status":0,"created_at":{"$date":"2025-06-04T08:57:09.705Z"}}
{"_id":"82bba80968400a6901dff3ad52642593","order_no":"VIP20250604080120","student_id":"e23fc3b2680f6d9402024082716505e5","open_id":"oP0kH7NxklVlY14FRzCKkdg0HNdI","order_type":1,"amount":1,"status":0,"created_at":{"$date":"2025-06-04T08:57:13.654Z"}}
{"_id":"adea466668400a6c01df78831b67cc3f","order_no":"VIP20250604521288","student_id":"e23fc3b2680f6d9402024082716505e5","open_id":"oP0kH7NxklVlY14FRzCKkdg0HNdI","order_type":1,"amount":1,"status":0,"created_at":{"$date":"2025-06-04T08:57:16.619Z"}}
{"_id":"ed863e8268400a6f01e2bf27609003d3","order_no":"VIP20250604780845","student_id":"e23fc3b2680f6d9402024082716505e5","open_id":"oP0kH7NxklVlY14FRzCKkdg0HNdI","order_type":1,"amount":1,"status":0,"created_at":{"$date":"2025-06-04T08:57:19.605Z"}}
{"_id":"6c2530cc6840109f01dfbbb161729169","order_no":"VIP20250604914578","student_id":"e23fc3b2680f6d9402024082716505e5","open_id":"oP0kH7NI-GvMtKipM4r_I9PYFH8M","order_type":1,"amount":1,"status":0,"created_at":{"$date":"2025-06-04T09:23:43.195Z"}}
{"_id":"2ed3518f6840140d01e0a93318f4a5fc","order_no":"VIP20250604839730","student_id":"e23fc3b2680f6d9402024082716505e5","open_id":"oP0kH7NxklVlY14FRzCKkdg0HNdI","order_type":1,"amount":1,"status":0,"created_at":{"$date":"2025-06-04T09:38:21.117Z"}}
{"_id":"f4ec2f0f68401eea01e3f2942d40cdc2","order_no":"VIP20250604256661","student_id":"e23fc3b2680f6d9402024082716505e5","open_id":"oP0kH7NxklVlY14FRzCKkdg0HNdI","order_type":1,"amount":1,"status":0,"created_at":{"$date":"2025-06-04T10:24:42.34Z"}}
{"_id":"c611b9466840206501e106ca22ae5dea","order_no":"VIP20250604719344","student_id":"e23fc3b2680f6d9402024082716505e5","open_id":"oP0kH7NxklVlY14FRzCKkdg0HNdI","order_type":1,"amount":1,"status":0,"created_at":{"$date":"2025-06-04T10:31:01.663Z"}}
{"_id":"29dca3d5684023eb01e2df3119a416a3","order_no":"VIP20250604329500","student_id":"e23fc3b2680f6d9402024082716505e5","open_id":"oP0kH7NxklVlY14FRzCKkdg0HNdI","order_type":1,"amount":1,"status":0,"created_at":{"$date":"2025-06-04T10:46:03.75Z"}}
{"_id":"c0a2d8e4684023fe01e23e594563c3be","order_no":"VIP20250604774979","student_id":"e23fc3b2680f6d9402024082716505e5","open_id":"oP0kH7NxklVlY14FRzCKkdg0HNdI","order_type":1,"amount":1,"status":0,"created_at":{"$date":"2025-06-04T10:46:22.593Z"}}
{"_id":"6c670e5d6840241501dfcd59251bf43f","order_no":"VIP20250604674259","student_id":"e23fc3b2680f6d9402024082716505e5","open_id":"oP0kH7NxklVlY14FRzCKkdg0HNdI","order_type":1,"amount":1,"status":0,"created_at":{"$date":"2025-06-04T10:46:45.69Z"}}
{"_id":"5377d5c06840245901e544dd4870f972","order_no":"VIP20250604583280","student_id":"e23fc3b2680f6d9402024082716505e5","open_id":"oP0kH7NxklVlY14FRzCKkdg0HNdI","order_type":1,"amount":1,"status":0,"created_at":{"$date":"2025-06-04T10:47:53.296Z"}}
{"_id":"6c670e5d6840259201dfd91340025879","order_no":"VIP20250604170099","student_id":"e23fc3b2680f6d9402024082716505e5","open_id":"oP0kH7NxklVlY14FRzCKkdg0HNdI","order_type":1,"amount":1,"status":0,"created_at":{"$date":"2025-06-04T10:53:06.456Z"}}
{"_id":"2ed3518f6840266801e1f5c760d46d9b","order_no":"VIP20250604907891","student_id":"e23fc3b2680f6d9402024082716505e5","open_id":"oP0kH7NxklVlY14FRzCKkdg0HNdI","order_type":1,"amount":1,"status":0,"created_at":{"$date":"2025-06-04T10:56:40.736Z"}}
{"_id":"486be3ad6840266a01deb40275336214","order_no":"VIP20250604901535","student_id":"e23fc3b2680f6d9402024082716505e5","open_id":"oP0kH7NxklVlY14FRzCKkdg0HNdI","order_type":1,"amount":1,"status":0,"created_at":{"$date":"2025-06-04T10:56:42.337Z"}}
{"_id":"e647148e6840288001e39af20e81129d","order_no":"VIP20250604065522","student_id":"e23fc3b2680f6d9402024082716505e5","open_id":"oP0kH7NxklVlY14FRzCKkdg0HNdI","order_type":1,"amount":1,"status":0,"created_at":{"$date":"2025-06-04T11:05:36.202Z"}}
{"_id":"c0a2d8e468402fd301e2e24f74503068","order_no":"VIP20250604598743","student_id":"e23fc3b2680f6d9402024082716505e5","open_id":"oP0kH7NxklVlY14FRzCKkdg0HNdI","order_type":1,"amount":1,"status":0,"created_at":{"$date":"2025-06-04T11:36:51.419Z"}}
{"_id":"557814e16840319701e0a23956980be9","order_no":"VIP20250604044670","student_id":"e23fc3b2680f6d9402024082716505e5","open_id":"oP0kH7NxklVlY14FRzCKkdg0HNdI","order_type":1,"amount":1,"status":0,"created_at":{"$date":"2025-06-04T11:44:23.392Z"}}
{"_id":"486be3ad6840338b01df891d62a72a68","order_no":"VIP20250604559940","student_id":"e23fc3b2680f6d9402024082716505e5","open_id":"oP0kH7NxklVlY14FRzCKkdg0HNdI","order_type":1,"amount":1,"status":0,"created_at":{"$date":"2025-06-04T11:52:43.92Z"}}
{"_id":"adea46666840398901e2b0c75fe34f88","order_no":"VIP20250604975448","student_id":"e23fc3b2680f6d9402024082716505e5","open_id":"oP0kH7NxklVlY14FRzCKkdg0HNdI","order_type":1,"amount":1,"status":0,"created_at":{"$date":"2025-06-04T12:18:17.634Z"}}
{"_id":"5377d5c06840feec01f1430203934f08","order_no":"VIP20250605449333","student_id":"e23fc3b2680f6d9402024082716505e5","open_id":"oP0kH7NxklVlY14FRzCKkdg0HNdI","order_type":1,"amount":1,"status":0,"created_at":{"$date":"2025-06-05T02:20:28.033Z"}}
{"_id":"486be3ad6840ff2201eab95263a0f73c","order_no":"VIP20250605676079","student_id":"e23fc3b2680f6d9402024082716505e5","open_id":"oP0kH7NxklVlY14FRzCKkdg0HNdI","order_type":1,"amount":1,"status":0,"created_at":{"$date":"2025-06-05T02:21:22.776Z"}}
{"_id":"6c2530cc684102f301ee779f3ac7c501","order_no":"VIP20250605185264","student_id":"e23fc3b2680f6d9402024082716505e5","open_id":"oP0kH7NxklVlY14FRzCKkdg0HNdI","order_type":1,"amount":1,"status":0,"created_at":{"$date":"2025-06-05T02:37:39.491Z"}}
{"_id":"adea466668410ac601ee59f471a0f9fb","order_no":"VIP20250605626001","student_id":"e23fc3b2680f6d9402024082716505e5","open_id":"oP0kH7NxklVlY14FRzCKkdg0HNdI","order_type":1,"amount":1,"status":0,"created_at":{"$date":"2025-06-05T03:11:02.986Z"}}
{"_id":"5377d5c0684110cb01f2db8526c4c568","order_no":"VIP20250605435060","student_id":"e23fc3b2680f6d9402024082716505e5","open_id":"oP0kH7NxklVlY14FRzCKkdg0HNdI","order_type":1,"amount":1,"status":0,"created_at":{"$date":"2025-06-05T03:36:43.504Z"}}
{"_id":"d77d384f68416c9701fb939964e5e6ee","order_no":"VIP20250605560102","student_id":"e23fc3b2680f6d9402024082716505e5","open_id":"oP0kH7NxklVlY14FRzCKkdg0HNdI","order_type":1,"amount":1,"status":1,"created_at":{"$date":"2025-06-05T10:08:23.725Z"},"pay_method":"wxpay","pay_time":{"$date":"2025-06-06T04:12:37.592Z"},"wx_order_no":"4200002744202506057513233127"}
{"_id":"8524406c68416f1b01fbe80558b1c68e","order_no":"VIP20250605387142","student_id":"e23fc3b2680f6d9402024082716505e5","open_id":"oP0kH7NI-GvMtKipM4r_I9PYFH8M","order_type":1,"amount":1,"status":0,"created_at":{"$date":"2025-06-05T10:19:07.925Z"}}
{"_id":"6149379668456ced0237424256f84594","order_no":"EXAM1749380333502153","student_id":"e23fc3b2680f6d9402024082716505e5","order_type":2,"amount":400,"status":0,"related_exam_id":"2ed3518f68456ced02398e265e52cbc5","created_at":{"$date":"2025-06-08T10:58:53.537Z"}}
{"_id":"f4ec2f0f68456e29023b4e6c23fbc951","order_no":"EXAM17493806498896340","student_id":"e23fc3b2680f6d9402024082716505e5","order_type":2,"amount":400,"status":0,"related_exam_id":"adea466668456e2902385997220622b5","created_at":{"$date":"2025-06-08T11:04:09.947Z"}}
{"_id":"e647148e68456f080239d6ca652cbc29","order_no":"EXAM17493808725554760","student_id":"e23fc3b2680f6d9402024082716505e5","order_type":2,"amount":0.01,"status":0,"related_exam_id":"6c2530cc68456f080238185540f5fad2","created_at":{"$date":"2025-06-08T11:07:52.589Z"}}
{"_id":"6c2530cc68456f12023819e4152c26e9","order_no":"EXAM17493808827424507","student_id":"e23fc3b2680f6d9402024082716505e5","order_type":2,"amount":0.01,"status":0,"related_exam_id":"557814e168456f12023729872e389f7b","created_at":{"$date":"2025-06-08T11:08:02.773Z"}}
{"_id":"f4ec2f0f68456fbf023b68b43bc907fd","order_no":"EXAM17493810555006685","student_id":"e23fc3b2680f6d9402024082716505e5","order_type":2,"amount":0.01,"status":0,"related_exam_id":"ed863e8268456fbf023c5e1a1864fed7","created_at":{"$date":"2025-06-08T11:10:55.548Z"}}
{"_id":"f4ec2f0f6845730d023b9fc908079a9a","order_no":"EXAM1749381901211940","student_id":"e23fc3b2680f6d9402024082716505e5","order_type":2,"amount":0.01,"status":0,"related_exam_id":"dd1eb2b46845730d0237edd073507802","created_at":{"$date":"2025-06-08T11:25:01.267Z"}}
{"_id":"8524406c684573cb023c28e303988c5a","order_no":"EXAM17493820918465180","student_id":"e23fc3b2680f6d9402024082716505e5","order_type":2,"amount":0.01,"status":1,"related_exam_id":"486be3ad684573cb0234f1a647b62638","created_at":{"$date":"2025-06-08T11:28:11.899Z"},"pay_method":"wxpay","pay_time":{"$date":"2025-06-08T11:28:30.512Z"},"wx_order_no":"4200002650202506080895356936"}
{"_id":"e647148e6845a488023f803978297a12","order_no":"VIP20250608820535","student_id":"e647148e6845a41b023f7226542771ea","open_id":"oP0kH7BAjDbfinid6TwpijyRa1wo","order_type":1,"amount":1,"status":1,"created_at":{"$date":"2025-06-08T14:56:08.209Z"},"pay_method":"wxpay","pay_time":{"$date":"2025-06-08T14:56:17.899Z"},"wx_order_no":"4200002643202506085937810504"}
{"_id":"eea1754d6845a7f1024021fe7c63e10b","order_no":"VIP20250608953279","student_id":"486be3ad6845a7a1023ae6052054f563","open_id":"oP0kH7CJDmyfX2S8RO3cF59iSUEc","order_type":1,"amount":1,"status":1,"created_at":{"$date":"2025-06-08T15:10:41.074Z"},"pay_method":"wxpay","pay_time":{"$date":"2025-06-08T15:10:51.138Z"},"wx_order_no":"4200002731202506082553033507"}
{"_id":"29dca3d56845a84d0240dce014b9b52c","order_no":"EXAM17493955333342047","student_id":"486be3ad6845a7a1023ae6052054f563","order_type":2,"amount":320,"status":0,"related_exam_id":"adea46666845a84d023e6783070068a5","created_at":{"$date":"2025-06-08T15:12:13.374Z"}}
{"_id":"614937966846c5bf0254b3276f187e38","order_no":"EXAM17494686069641810","student_id":"486be3ad6845a7a1023ae6052054f563","order_type":2,"amount":320,"status":0,"related_exam_id":"5377d5c06846c5be025746c42c31e1af","created_at":{"$date":"2025-06-09T11:30:07.005Z"}}
{"_id":"82bba8096846faca025ccfd863e9e6cd","order_no":"VIP20250609309091","student_id":"b7e94e9b680e039301f7436258ff2ea0","open_id":"oP0kH7BAjDbfinid6TwpijyRa1wo","order_type":1,"amount":1,"status":0,"created_at":{"$date":"2025-06-09T15:16:26.25Z"}}
{"_id":"2ed3518f6847a095026698774d612091","order_no":"VIP20250610608853","student_id":"e23fc3b2680f6d9402024082716505e5","open_id":"oP0kH7BAjDbfinid6TwpijyRa1wo","order_type":1,"amount":1,"status":0,"created_at":{"$date":"2025-06-10T03:03:49.339Z"}}
{"_id":"dd1eb2b46847a14f02650bd26cacfb34","order_no":"VIP20250610112043","student_id":"486be3ad6845a7a1023ae6052054f563","open_id":"oP0kH7BAjDbfinid6TwpijyRa1wo","order_type":1,"amount":1,"status":1,"created_at":{"$date":"2025-06-10T03:06:55.68Z"},"pay_method":"wxpay","pay_time":{"$date":"2025-06-10T03:07:04.005Z"},"wx_order_no":"4200002734202506100166519131"}
{"_id":"557814e16847a2750263e7a826e61248","order_no":"VIP20250610918493","student_id":"486be3ad6845a7a1023ae6052054f563","open_id":"oP0kH7BAjDbfinid6TwpijyRa1wo","order_type":1,"amount":1,"status":1,"created_at":{"$date":"2025-06-10T03:11:49.016Z"},"pay_method":"wxpay","pay_time":{"$date":"2025-06-10T03:11:57.216Z"},"wx_order_no":"4200002636202506101079718448"}
{"_id":"ed863e826847a2810269cf27767336ea","order_no":"EXAM17495251210918813","student_id":"486be3ad6845a7a1023ae6052054f563","order_type":2,"amount":320,"status":1,"related_exam_id":"5377d5c06847a2810267aa436c89d0ad","created_at":{"$date":"2025-06-10T03:12:01.119Z"},"pay_method":"wxpay","pay_time":{"$date":"2025-06-10T03:12:09.379Z"},"wx_order_no":"4200002732202506106383742922"}
{"_id":"f4ec2f0f6847a4260269a0da439d51af","order_no":"VIP20250610030070","student_id":"486be3ad6845a7a1023ae6052054f563","open_id":"oP0kH7BAjDbfinid6TwpijyRa1wo","order_type":1,"amount":1,"status":0,"created_at":{"$date":"2025-06-10T03:19:02.55Z"}}
{"_id":"eea1754d6847a4660266c1af61760b78","order_no":"VIP20250610277603","student_id":"486be3ad6845a7a1023ae6052054f563","open_id":"oP0kH7BAjDbfinid6TwpijyRa1wo","order_type":1,"amount":1,"status":1,"created_at":{"$date":"2025-06-10T03:20:06.035Z"},"pay_method":"wxpay","pay_time":{"$date":"2025-06-10T03:20:14.2Z"},"wx_order_no":"4200002734202506100503051067"}
{"_id":"fbf3bf436847ac16026a77ea0cd36f1d","order_no":"VIP20250610942030","student_id":"486be3ad6845a7a1023ae6052054f563","open_id":"oP0kH7BAjDbfinid6TwpijyRa1wo","order_type":1,"amount":1,"status":0,"created_at":{"$date":"2025-06-10T03:52:54.149Z"}}
{"_id":"29dca3d56847ac5c0268d7b65dd8e0c6","order_no":"VIP20250610403142","student_id":"486be3ad6845a7a1023ae6052054f563","open_id":"oP0kH7BAjDbfinid6TwpijyRa1wo","order_type":1,"amount":1,"status":0,"created_at":{"$date":"2025-06-10T03:54:04.969Z"}}
{"_id":"e647148e6847c6bf0269592f7c58e86b","order_no":"VIP20250610176708","student_id":"486be3ad6845a7a1023ae6052054f563","open_id":"oP0kH7BAjDbfinid6TwpijyRa1wo","order_type":1,"amount":1,"status":1,"created_at":{"$date":"2025-06-10T05:46:39.571Z"},"pay_method":"wxpay","pay_time":{"$date":"2025-06-10T05:46:48.097Z"},"wx_order_no":"4200002642202506105561478928"}
{"_id":"c611b9466847f44b026e867374360727","order_no":"VIP20250610168804","student_id":"e23fc3b2680f6d9402024082716505e5","open_id":"oP0kH7NI-GvMtKipM4r_I9PYFH8M","order_type":1,"amount":5000,"status":0,"created_at":{"$date":"2025-06-10T09:00:59.242Z"}}
{"_id":"c611b9466847f52b026eb14e1f7c575b","order_no":"VIP20250610090788","student_id":"e23fc3b2680f6d9402024082716505e5","open_id":"oP0kH7NI-GvMtKipM4r_I9PYFH8M","order_type":1,"amount":5000,"status":0,"created_at":{"$date":"2025-06-10T09:04:43.578Z"}}
{"_id":"c611b9466847fde3026f80720dd1279b","order_no":"VIP20250610528713","student_id":"e23fc3b2680f6d9402024082716505e5","open_id":"oP0kH7NI-GvMtKipM4r_I9PYFH8M","order_type":1,"amount":5000,"status":0,"created_at":{"$date":"2025-06-10T09:41:55.705Z"}}
{"_id":"614937966847fe11026de10961507813","order_no":"VIP20250610531323","student_id":"e23fc3b2680f6d9402024082716505e5","open_id":"oP0kH7NxklVlY14FRzCKkdg0HNdI","order_type":1,"amount":5000,"status":0,"created_at":{"$date":"2025-06-10T09:42:41.936Z"}}
{"_id":"eea1754d6847fe3b026f37860ceea34b","order_no":"EXAM1749548603869186","student_id":"e23fc3b2680f6d9402024082716505e5","order_type":2,"amount":500,"status":0,"related_exam_id":"adea46666847fe3b026e8bfa2566ffc5","created_at":{"$date":"2025-06-10T09:43:23.902Z"}}
{"_id":"6c670e5d68480190026bdf8345170c9c","order_no":"VIP20250610158831","student_id":"e23fc3b2680f6d9402024082716505e5","open_id":"oP0kH7NxklVlY14FRzCKkdg0HNdI","order_type":1,"amount":5000,"status":0,"created_at":{"$date":"2025-06-10T09:57:36.541Z"}}
{"_id":"6c670e5d68499c62028818035df0e136","order_no":"EXAM17496546262091701","student_id":"e23fc3b2680f6d9402024082716505e5","order_type":2,"amount":500,"status":0,"related_exam_id":"adea466668499c62028ba60d586e51d0","created_at":{"$date":"2025-06-11T15:10:26.25Z"}}
{"_id":"29dca3d5684aea2e02a49b35616288af","order_no":"VIP20250612918914","student_id":"c0a2d8e4684ae9d002a36174211f9922","open_id":"oP0kH7BAjDbfinid6TwpijyRa1wo","order_type":1,"amount":5000,"status":0,"created_at":{"$date":"2025-06-12T14:54:38.239Z"}}
{"_id":"ed863e82684d2b7302c671f235026352","order_no":"VIP20250614391588","student_id":"5be31a71680de87701f63ed30473c7c6","open_id":"oP0kH7Gpj0CF0gZeiQjsMSvUQGeM","order_type":1,"amount":5000,"status":1,"created_at":{"$date":"2025-06-14T07:57:39.368Z"},"pay_method":"wxpay","pay_time":{"$date":"2025-06-14T07:57:47.442Z"},"wx_order_no":"4200002740202506144590946690"}
{"_id":"82bba809684d2b8602c5c47b20ae5cc8","order_no":"EXAM17498878784098503","student_id":"5be31a71680de87701f63ed30473c7c6","order_type":2,"amount":360,"status":1,"related_exam_id":"61493796684d2b8602c183d414833127","created_at":{"$date":"2025-06-14T07:57:58.443Z"},"pay_method":"wxpay","pay_time":{"$date":"2025-06-14T07:58:06.544Z"},"wx_order_no":"4200002723202506140723720378"}
{"_id":"eea1754d684d2c4a02c5ef5d033c2062","order_no":"VIP20250614334899","student_id":"80a8bd4f680de73001f39f7a60b6e6f4","open_id":"oP0kH7LO4FD7CxNCp1CwOljZLb3Y","order_type":1,"amount":5000,"status":0,"created_at":{"$date":"2025-06-14T08:01:14.784Z"}}
{"_id":"8524406c684d2cd902c77b2e4e4db81b","order_no":"VIP20250614804639","student_id":"a6ec3048680df42001f4b875197b3e83","open_id":"oP0kH7JbiRNej78US_Zy9W6-dEOg","order_type":1,"amount":5000,"status":0,"created_at":{"$date":"2025-06-14T08:03:37.442Z"}}
{"_id":"6c670e5d684d2d2d02bfb39050052623","order_no":"VIP20250614901609","student_id":"0e7893fb680de6e801f2bde8248cb052","open_id":"oP0kH7GgmnT9DFxbnKKYJyCHToFU","order_type":1,"amount":5000,"status":1,"created_at":{"$date":"2025-06-14T08:05:01.709Z"},"pay_method":"wxpay","pay_time":{"$date":"2025-06-14T08:05:12.399Z"},"wx_order_no":"4200002740202506149791022924"}
{"_id":"486be3ad684d2e1b02bf44e70edd6341","order_no":"EXAM17498885390646178","student_id":"0e7893fb680de6e801f2bde8248cb052","order_type":2,"amount":400,"status":1,"related_exam_id":"f4ec2f0f684d2e1b02c9226d3e258129","created_at":{"$date":"2025-06-14T08:08:59.095Z"},"pay_method":"wxpay","pay_time":{"$date":"2025-06-14T08:09:06.341Z"},"wx_order_no":"4200002719202506143979085078"}
{"_id":"eea1754d684d32a702c659c6263f867d","order_no":"VIP20250614632670","student_id":"2ed3518f684d322902c4f3e03bdba16a","open_id":"oP0kH7Dly0KaR9d9KE1YwrqYwOoQ","order_type":1,"amount":5000,"status":0,"created_at":{"$date":"2025-06-14T08:28:23.176Z"}}
{"_id":"486be3ad684d32ae02bf9d895ee952da","order_no":"VIP20250614849965","student_id":"ed153fc7680deb1801f0a2e6514d91ea","open_id":"oP0kH7Elws29DNApNWnIz5kLfaZ4","order_type":1,"amount":5000,"status":0,"created_at":{"$date":"2025-06-14T08:28:30.593Z"}}
{"_id":"6c670e5d684d32cb02c00cc119904c80","order_no":"VIP20250614932875","student_id":"ed153fc7680deb1801f0a2e6514d91ea","open_id":"oP0kH7Elws29DNApNWnIz5kLfaZ4","order_type":1,"amount":5000,"status":0,"created_at":{"$date":"2025-06-14T08:28:59.509Z"}}
{"_id":"f4ec2f0f684d33b702c97cc500cde236","order_no":"VIP20250614473689","student_id":"ed153fc7680deb1801f0a2e6514d91ea","open_id":"oP0kH7Elws29DNApNWnIz5kLfaZ4","order_type":1,"amount":5000,"status":1,"created_at":{"$date":"2025-06-14T08:32:55.603Z"},"pay_method":"wxpay","pay_time":{"$date":"2025-06-14T08:33:02.261Z"},"wx_order_no":"4200002732202506147813954115"}
{"_id":"486be3ad684d33c202bfafc366c97576","order_no":"EXAM17498899865758622","student_id":"ed153fc7680deb1801f0a2e6514d91ea","order_type":2,"amount":400,"status":1,"related_exam_id":"eea1754d684d33c202c66bb5351d84b9","created_at":{"$date":"2025-06-14T08:33:06.627Z"},"pay_method":"wxpay","pay_time":{"$date":"2025-06-14T08:33:16.442Z"},"wx_order_no":"4200002645202506142926212612"}
{"_id":"6c670e5d684d33c802c0252009def103","order_no":"VIP20250614122378","student_id":"2ed3518f684d322902c4f3e03bdba16a","open_id":"oP0kH7Dly0KaR9d9KE1YwrqYwOoQ","order_type":1,"amount":5000,"status":0,"created_at":{"$date":"2025-06-14T08:33:12.836Z"}}
{"_id":"6c670e5d684d3b2902c0c246073ca412","order_no":"VIP20250614639348","student_id":"1b9686ec680deef201f3da3569866c8b","open_id":"oP0kH7BEAWfoYI7LLGwGebSSYwpg","order_type":1,"amount":5000,"status":0,"created_at":{"$date":"2025-06-14T09:04:41.411Z"}}
{"_id":"dd1eb2b4684d46f302c5c59149555a8f","order_no":"VIP20250614719658","student_id":"a6ec3048680df42001f4b875197b3e83","open_id":"oP0kH7JbiRNej78US_Zy9W6-dEOg","order_type":1,"amount":5000,"status":1,"created_at":{"$date":"2025-06-14T09:54:59.217Z"},"pay_method":"wxpay","pay_time":{"$date":"2025-06-14T09:55:07.371Z"},"wx_order_no":"4200002657202506142750524923"}
{"_id":"61493796684d470202c389cd4299bd74","order_no":"EXAM17498949140263227","student_id":"a6ec3048680df42001f4b875197b3e83","order_type":2,"amount":400,"status":1,"related_exam_id":"82bba809684d470202c7c8bf1f743800","created_at":{"$date":"2025-06-14T09:55:14.061Z"},"pay_method":"wxpay","pay_time":{"$date":"2025-06-14T09:55:45.424Z"},"wx_order_no":"4200002659202506149162663036"}
{"_id":"2ed3518f684d48b702c6b32c28b039db","order_no":"VIP20250614466639","student_id":"d33be422680dee0401f32aee3335658b","open_id":"oP0kH7GTRjkXh3oBk5E3p92hhuYA","order_type":1,"amount":5000,"status":1,"created_at":{"$date":"2025-06-14T10:02:31.32Z"},"pay_method":"wxpay","pay_time":{"$date":"2025-06-14T10:02:42.016Z"},"wx_order_no":"4200002643202506148082071837"}
{"_id":"ed863e82684d48e402c8b1bf24aca766","order_no":"EXAM17498953961981097","student_id":"d33be422680dee0401f32aee3335658b","order_type":2,"amount":400,"status":1,"related_exam_id":"29dca3d5684d48e402c791cd41b1c298","created_at":{"$date":"2025-06-14T10:03:16.232Z"},"pay_method":"wxpay","pay_time":{"$date":"2025-06-14T10:03:25.081Z"},"wx_order_no":"4200002656202506145369875498"}
{"_id":"fbf3bf43684d490002c9090c01467664","order_no":"VIP20250614478208","student_id":"e1cff635680df28501f5d209737cdee8","open_id":"oP0kH7Pl0M-1seGx6L8B_q2QpqDM","order_type":1,"amount":5000,"status":0,"created_at":{"$date":"2025-06-14T10:03:44.133Z"}}
{"_id":"8524406c684d495202c9a5f514b2a2f6","order_no":"VIP20250614127430","student_id":"2b83cb16680df22201f3116572596172","open_id":"oP0kH7FKV8eBMuJIr1kN93sxhVUM","order_type":1,"amount":5000,"status":1,"created_at":{"$date":"2025-06-14T10:05:06.024Z"},"pay_method":"wxpay","pay_time":{"$date":"2025-06-14T10:05:30.195Z"},"wx_order_no":"4200002743202506143569522998"}
{"_id":"e647148e684d49d702c76a26326fbf6d","order_no":"VIP20250614430952","student_id":"e1cff635680df28501f5d209737cdee8","open_id":"oP0kH7Pl0M-1seGx6L8B_q2QpqDM","order_type":1,"amount":5000,"status":0,"created_at":{"$date":"2025-06-14T10:07:19.637Z"}}
{"_id":"ed863e82684d4a9002c8e6723786016e","order_no":"VIP20250614747245","student_id":"2ed3518f684d49b202c6cc1369406bd2","open_id":"oP0kH7JYlbUyf-Uvr-ENW0kY8JAo","order_type":1,"amount":5000,"status":0,"created_at":{"$date":"2025-06-14T10:10:24.427Z"}}
{"_id":"6c670e5d684d4e2a02c23b8578edecfb","order_no":"VIP20250614730211","student_id":"2b83cb16680df09101f2f8eb0afc1711","open_id":"oP0kH7MoxEMBjarIlWtsj9QXAikg","order_type":1,"amount":5000,"status":0,"created_at":{"$date":"2025-06-14T10:25:46.498Z"}}
{"_id":"557814e1684d4e5b02c4b9fa7c7c1cc6","order_no":"VIP20250614100121","student_id":"2b83cb16680df09101f2f8eb0afc1711","open_id":"oP0kH7MoxEMBjarIlWtsj9QXAikg","order_type":1,"amount":5000,"status":1,"created_at":{"$date":"2025-06-14T10:26:35.559Z"},"pay_method":"wxpay","pay_time":{"$date":"2025-06-14T10:26:44.384Z"},"wx_order_no":"4200002731202506141496492795"}
{"_id":"eea1754d684d4ee702c881a62a731fab","order_no":"VIP20250614235485","student_id":"c42c9d1b680dfe0d01f1bae96c1118cd","open_id":"oP0kH7CZqdUX6TV9ToRAXkDxH4-U","order_type":1,"amount":5000,"status":1,"created_at":{"$date":"2025-06-14T10:28:55.368Z"},"pay_method":"wxpay","pay_time":{"$date":"2025-06-14T10:29:11.854Z"},"wx_order_no":"4200002720202506147821950912"}
{"_id":"d77d384f684d510802cc577a013ac841","order_no":"VIP20250614249093","student_id":"6c670e5d684d4ee102c24e274e4692f2","open_id":"oP0kH7Bf9lHP75HZYV4hC7lcDn4o","order_type":1,"amount":5000,"status":0,"created_at":{"$date":"2025-06-14T10:38:00.94Z"}}
{"_id":"ed863e82684d518902c941ad13db70bf","order_no":"VIP20250614842986","student_id":"ed153fc7680ded7e01f0df076626399d","open_id":"oP0kH7K9RHPCJW5uS3T_ztDY2Zc8","order_type":1,"amount":5000,"status":0,"created_at":{"$date":"2025-06-14T10:40:09.256Z"}}
{"_id":"29dca3d5684d519602c8608a5363bf9c","order_no":"VIP20250614569437","student_id":"6c670e5d684d4ee102c24e274e4692f2","open_id":"oP0kH7Bf9lHP75HZYV4hC7lcDn4o","order_type":1,"amount":5000,"status":0,"created_at":{"$date":"2025-06-14T10:40:22.72Z"}}
{"_id":"dd1eb2b4684d51a902c69d43221f988f","order_no":"VIP20250614965586","student_id":"ed153fc7680ded7e01f0df076626399d","open_id":"oP0kH7K9RHPCJW5uS3T_ztDY2Zc8","order_type":1,"amount":5000,"status":0,"created_at":{"$date":"2025-06-14T10:40:41.189Z"}}
{"_id":"82bba809684d51d202c888b02d957320","order_no":"VIP20250614112102","student_id":"ed153fc7680ded7e01f0df076626399d","open_id":"oP0kH7K9RHPCJW5uS3T_ztDY2Zc8","order_type":1,"amount":5000,"status":0,"created_at":{"$date":"2025-06-14T10:41:22.851Z"}}
{"_id":"f4ec2f0f684d51e202cbc5a7634d0430","order_no":"VIP20250614268235","student_id":"ed153fc7680ded7e01f0df076626399d","open_id":"oP0kH7K9RHPCJW5uS3T_ztDY2Zc8","order_type":1,"amount":5000,"status":0,"created_at":{"$date":"2025-06-14T10:41:38.061Z"}}
{"_id":"557814e1684d527902c517e725da32a5","order_no":"EXAM17498978490329937","student_id":"2b83cb16680df09101f2f8eb0afc1711","order_type":2,"amount":500,"status":1,"related_exam_id":"fbf3bf43684d527902c9b41d678188b9","created_at":{"$date":"2025-06-14T10:44:09.069Z"},"pay_method":"wxpay","pay_time":{"$date":"2025-06-14T10:44:19.604Z"},"wx_order_no":"4200002655202506142088263655"}
{"_id":"8524406c684d553d02cad8b962c4f261","order_no":"VIP20250614063169","student_id":"dcffa824680dec2e01f809d32094ce33","open_id":"oP0kH7LEB-HacFWUnKNJduJ_JkcM","order_type":1,"amount":5000,"status":0,"created_at":{"$date":"2025-06-14T10:55:57.146Z"}}
{"_id":"29dca3d5684d5baf02c9056b1d431c61","order_no":"VIP20250614939101","student_id":"fbf3bf43684d4d4102c9403d14ed0cfb","open_id":"oP0kH7C4_lLVOhzNJqE_74nms7p8","order_type":1,"amount":5000,"status":1,"created_at":{"$date":"2025-06-14T11:23:27.449Z"},"pay_method":"wxpay","pay_time":{"$date":"2025-06-14T11:23:35.981Z"},"wx_order_no":"4200002651202506145725973002"}
{"_id":"486be3ad684d5bc402c2e08f0c067b57","order_no":"VIP20250614155731","student_id":"5be31a71680de9e701f653af7b7c061c","open_id":"oP0kH7MUJw3wDJEV51RZm3oNgC5E","order_type":1,"amount":5000,"status":1,"created_at":{"$date":"2025-06-14T11:23:48.337Z"},"pay_method":"wxpay","pay_time":{"$date":"2025-06-14T11:25:18.574Z"},"wx_order_no":"4200002732202506147481285890"}
{"_id":"e647148e684d5c5b02c88e1d01fc2cd6","order_no":"EXAM17499003798205076","student_id":"5be31a71680de9e701f653af7b7c061c","order_type":2,"amount":360,"status":1,"related_exam_id":"dd1eb2b4684d5c5b02c748b64822f345","created_at":{"$date":"2025-06-14T11:26:19.857Z"},"pay_method":"wxpay","pay_time":{"$date":"2025-06-14T11:26:27.188Z"},"wx_order_no":"4200002731202506140387281668"}
{"_id":"29dca3d5684d5ccd02c9203951cfe784","order_no":"VIP20250614561957","student_id":"65dc6258680deba701f588cc49c94da7","open_id":"oP0kH7FWFiRmbj-iS2eZIDMqXm74","order_type":1,"amount":5000,"status":0,"created_at":{"$date":"2025-06-14T11:28:13.257Z"}}
{"_id":"dd1eb2b4684d5cdb02c74fea09c12c80","order_no":"VIP20250614159131","student_id":"65dc6258680deba701f588cc49c94da7","open_id":"oP0kH7FWFiRmbj-iS2eZIDMqXm74","order_type":1,"amount":5000,"status":0,"created_at":{"$date":"2025-06-14T11:28:27.726Z"}}
{"_id":"eea1754d684d5d1002c96df44b95703c","order_no":"VIP20250614777565","student_id":"65dc6258680deba701f588cc49c94da7","open_id":"oP0kH7FWFiRmbj-iS2eZIDMqXm74","order_type":1,"amount":5000,"status":1,"created_at":{"$date":"2025-06-14T11:29:20.407Z"},"pay_method":"wxpay","pay_time":{"$date":"2025-06-14T11:29:27.038Z"},"wx_order_no":"4200002645202506143730345991"}
{"_id":"c0a2d8e4684d5d2302c7d6f42066ef2c","order_no":"EXAM17499005797036505","student_id":"65dc6258680deba701f588cc49c94da7","order_type":2,"amount":400,"status":1,"related_exam_id":"c611b946684d5d2302c89f4c0949226f","created_at":{"$date":"2025-06-14T11:29:39.735Z"},"pay_method":"wxpay","pay_time":{"$date":"2025-06-14T11:29:46.478Z"},"wx_order_no":"4200002646202506143254353616"}
{"_id":"fbf3bf43684d5e3302ca68c204872410","order_no":"VIP20250614533902","student_id":"dcffa824680dec2e01f809d32094ce33","open_id":"oP0kH7DQa7Fd8F8gt-IQxNs-U5pU","order_type":1,"amount":5000,"status":1,"created_at":{"$date":"2025-06-14T11:34:11.457Z"},"pay_method":"wxpay","pay_time":{"$date":"2025-06-14T11:34:20.312Z"},"wx_order_no":"4200002644202506140862993566"}
{"_id":"c0a2d8e4684d5e5002c80a3d12c7a151","order_no":"VIP20250614220993","student_id":"80a8bd4f680dea3b01f3d93f43dc9c49","open_id":"oP0kH7JDFkvvTNBZxM0htPOPgJR8","order_type":1,"amount":5000,"status":1,"created_at":{"$date":"2025-06-14T11:34:40.896Z"},"pay_method":"wxpay","pay_time":{"$date":"2025-06-14T11:34:49.641Z"},"wx_order_no":"4200002634202506149450759858"}
{"_id":"c0a2d8e4684d5e6102c80af944083f1d","order_no":"EXAM17499008974982111","student_id":"80a8bd4f680dea3b01f3d93f43dc9c49","order_type":2,"amount":600,"status":1,"related_exam_id":"6c2530cc684d5e6102c6e78b35136fe2","created_at":{"$date":"2025-06-14T11:34:57.54Z"},"pay_method":"wxpay","pay_time":{"$date":"2025-06-14T11:35:12.864Z"},"wx_order_no":"4200002653202506144439955049"}
{"_id":"29dca3d5684d5e6602c93a1e629e5228","order_no":"EXAM17499009023881512","student_id":"dcffa824680dec2e01f809d32094ce33","order_type":2,"amount":320,"status":0,"related_exam_id":"486be3ad684d5e6602c30b146c3f3901","created_at":{"$date":"2025-06-14T11:35:02.423Z"}}
{"_id":"2ed3518f684d5f4902c861790e785985","order_no":"VIP20250614639528","student_id":"b0131947680df45901f8d0cb13ea8d8b","open_id":"oP0kH7CeYmV_CgTBAWEeh0xHvbdE","order_type":1,"amount":5000,"status":1,"created_at":{"$date":"2025-06-14T11:38:49.155Z"},"pay_method":"wxpay","pay_time":{"$date":"2025-06-14T11:38:56.113Z"},"wx_order_no":"4200002648202506143635980022"}
{"_id":"5377d5c0684d601302c965bf60293a31","order_no":"VIP20250614379858","student_id":"76c63bbb680df49201efe9993bb7ab77","open_id":"oP0kH7FM-RjZSA4dcvIp-g76Ri8M","order_type":1,"amount":5000,"status":0,"created_at":{"$date":"2025-06-14T11:42:11.963Z"}}
{"_id":"82bba809684d606b02c9ab32679defe2","order_no":"VIP20250614599915","student_id":"c42c9d1b680df10001f113c307ed1185","open_id":"oP0kH7N6skyUCOhgZTPSLZa5-nGw","order_type":1,"amount":5000,"status":1,"created_at":{"$date":"2025-06-14T11:43:39.45Z"},"pay_method":"wxpay","pay_time":{"$date":"2025-06-14T11:43:53.794Z"},"wx_order_no":"4200002653202506142726499669"}
{"_id":"eea1754d684d607202c99da72e10f2b8","order_no":"VIP20250614879976","student_id":"76c63bbb680df49201efe9993bb7ab77","open_id":"oP0kH7FM-RjZSA4dcvIp-g76Ri8M","order_type":1,"amount":5000,"status":1,"created_at":{"$date":"2025-06-14T11:43:46.272Z"},"pay_method":"wxpay","pay_time":{"$date":"2025-06-14T11:43:57.918Z"},"wx_order_no":"4200002720202506141475069856"}
{"_id":"eea1754d684d60b702c9a07b4e1de6c9","order_no":"EXAM17499014953561952","student_id":"dcffa824680dec2e01f809d32094ce33","order_type":2,"amount":320,"status":1,"related_exam_id":"c611b946684d60b702c8d2b17fa8a9a1","created_at":{"$date":"2025-06-14T11:44:55.401Z"},"pay_method":"wxpay","pay_time":{"$date":"2025-06-14T11:45:03.134Z"},"wx_order_no":"4200002723202506147474913271"}
{"_id":"2ed3518f684d60c302c8720d0c4b9024","order_no":"VIP20250614984201","student_id":"76c63bbb680df49201efe9993bb7ab77","open_id":"oP0kH7FM-RjZSA4dcvIp-g76Ri8M","order_type":1,"amount":5000,"status":0,"created_at":{"$date":"2025-06-14T11:45:07.735Z"}}
{"_id":"5377d5c0684d60d202c96d717a87a2a2","order_no":"EXAM17499015223659914","student_id":"b0131947680df45901f8d0cb13ea8d8b","order_type":2,"amount":320,"status":1,"related_exam_id":"f4ec2f0f684d60d202ccc7ca210959bb","created_at":{"$date":"2025-06-14T11:45:22.393Z"},"pay_method":"wxpay","pay_time":{"$date":"2025-06-14T11:45:29.562Z"},"wx_order_no":"4200002643202506146106554070"}
{"_id":"adea4666684d610602c80aae12fcf0f3","order_no":"VIP20250614123823","student_id":"dcffa824680dec8401f812be5cdaa3f4","open_id":"oP0kH7DDv29qRIIpZaHlpPcOBB7A","order_type":1,"amount":5000,"status":1,"created_at":{"$date":"2025-06-14T11:46:14.753Z"},"pay_method":"wxpay","pay_time":{"$date":"2025-06-14T11:46:22.431Z"},"wx_order_no":"4200002735202506149380857814"}
{"_id":"2ed3518f684d615f02c87a6609a83864","order_no":"VIP20250614170644","student_id":"76c63bbb680df49201efe9993bb7ab77","open_id":"oP0kH7FM-RjZSA4dcvIp-g76Ri8M","order_type":1,"amount":5000,"status":0,"created_at":{"$date":"2025-06-14T11:47:43.159Z"}}
{"_id":"2ed3518f684d62a502c88aba517963c4","order_no":"VIP20250614257486","student_id":"b7e94e9b680df15701f646c039b3b835","open_id":"oP0kH7Dly0KaR9d9KE1YwrqYwOoQ","order_type":1,"amount":5000,"status":1,"created_at":{"$date":"2025-06-14T11:53:09.362Z"},"pay_method":"wxpay","pay_time":{"$date":"2025-06-14T11:53:17.306Z"},"wx_order_no":"4200002664202506149858772401"}
{"_id":"6c670e5d684d62d202c37f0868de43b3","order_no":"EXAM17499020339751750","student_id":"b7e94e9b680df15701f646c039b3b835","order_type":2,"amount":600,"status":1,"related_exam_id":"6c2530cc684d62d102c71d8f4e26fc26","created_at":{"$date":"2025-06-14T11:53:54.021Z"},"pay_method":"wxpay","pay_time":{"$date":"2025-06-14T11:54:01.932Z"},"wx_order_no":"4200002655202506143587864957"}
{"_id":"c0a2d8e4684d62fe02c8505334f5e5b1","order_no":"VIP20250614447774","student_id":"76c63bbb680df49201efe9993bb7ab77","open_id":"oP0kH7FM-RjZSA4dcvIp-g76Ri8M","order_type":1,"amount":5000,"status":0,"created_at":{"$date":"2025-06-14T11:54:38.108Z"}}
{"_id":"fbf3bf43684d64f002cac8d976263871","order_no":"EXAM17499025765624203","student_id":"76c63bbb680df49201efe9993bb7ab77","order_type":2,"amount":450,"status":1,"related_exam_id":"557814e1684d64f002c6368050211b0f","created_at":{"$date":"2025-06-14T12:02:56.592Z"},"pay_method":"wxpay","pay_time":{"$date":"2025-06-14T12:03:07.195Z"},"wx_order_no":"4200002645202506142132367292"}
{"_id":"c611b946684d6b1702c990d00a3ab00a","order_no":"VIP20250614554628","student_id":"85b0d333680dfdcf01f4520049d5aad6","open_id":"oP0kH7NfLT-1aua2VR_p0pUaxuJA","order_type":1,"amount":5000,"status":0,"created_at":{"$date":"2025-06-14T12:29:11.564Z"}}
{"_id":"6c2530cc684d72b302c847a91566372b","order_no":"VIP20250614436137","student_id":"a6ec3048680dece401f43ebc3c66a588","open_id":"oP0kH7N-pndGU_mAx_mAK0GfiTeM","order_type":1,"amount":5000,"status":0,"created_at":{"$date":"2025-06-14T13:01:39.362Z"}}
{"_id":"d77d384f684d732c02cea1be3ae077e9","order_no":"VIP20250614098773","student_id":"a6ec3048680dece401f43ebc3c66a588","open_id":"oP0kH7N-pndGU_mAx_mAK0GfiTeM","order_type":1,"amount":5000,"status":0,"created_at":{"$date":"2025-06-14T13:03:40.154Z"}}
{"_id":"5377d5c0684d737d02ca8d8036e6b302","order_no":"VIP20250614853929","student_id":"a6ec3048680dece401f43ebc3c66a588","open_id":"oP0kH7N-pndGU_mAx_mAK0GfiTeM","order_type":1,"amount":5000,"status":1,"created_at":{"$date":"2025-06-14T13:05:01.667Z"},"pay_method":"wxpay","pay_time":{"$date":"2025-06-14T13:05:15.929Z"},"wx_order_no":"4200002643202506148875380493"}
{"_id":"c0a2d8e4684d739202c982504320528a","order_no":"EXAM17499063227957178","student_id":"a6ec3048680dece401f43ebc3c66a588","order_type":2,"amount":400,"status":1,"related_exam_id":"8524406c684d739202ccd6762db26b6c","created_at":{"$date":"2025-06-14T13:05:22.828Z"},"pay_method":"wxpay","pay_time":{"$date":"2025-06-14T13:05:31.72Z"},"wx_order_no":"4200002661202506145464995806"}
{"_id":"557814e1684d745502c742650930f944","order_no":"VIP20250614248234","student_id":"d33be422680df13001f36a6c07db2c8f","open_id":"oP0kH7Eul29P9RG3N9BiknSJQPLY","order_type":1,"amount":5000,"status":0,"created_at":{"$date":"2025-06-14T13:08:37.778Z"}}
{"_id":"486be3ad684d836102c5acf46942f0c3","order_no":"VIP20250614923001","student_id":"76c63bbb680cbcd701e3589927691106","open_id":"oP0kH7FFy6INM-WdldIo5oVbtisE","order_type":1,"amount":5000,"status":0,"created_at":{"$date":"2025-06-14T14:12:49.847Z"}}
{"_id":"dd1eb2b4684d838f02ca522a6e47ed72","order_no":"VIP20250614191893","student_id":"76c63bbb680cbcd701e3589927691106","open_id":"oP0kH7FFy6INM-WdldIo5oVbtisE","order_type":1,"amount":5000,"status":0,"created_at":{"$date":"2025-06-14T14:13:35.331Z"}}
{"_id":"557814e1684d93d602c9ac8d467181df","order_no":"VIP20250614530745","student_id":"b0131947680df74f01f8f0c85b436631","open_id":"oP0kH7KI_xUNmAqfSoIup2vmXwdo","order_type":1,"amount":5000,"status":1,"created_at":{"$date":"2025-06-14T15:23:02.701Z"},"pay_method":"wxpay","pay_time":{"$date":"2025-06-14T15:23:14.274Z"},"wx_order_no":"4200002655202506142612984281"}
{"_id":"e647148e684d93f302cc7a3f0a2db8e2","order_no":"EXAM17499146112402675","student_id":"b0131947680df74f01f8f0c85b436631","order_type":2,"amount":360,"status":1,"related_exam_id":"e647148e684d93f302cc7a3d177040f0","created_at":{"$date":"2025-06-14T15:23:31.283Z"},"pay_method":"wxpay","pay_time":{"$date":"2025-06-14T15:23:41.267Z"},"wx_order_no":"4200002666202506147469468259"}
{"_id":"29dca3d5684e1ab302d2a0b17d53d55e","order_no":"VIP20250615397239","student_id":"e647148e684e1a4602d23a2056ab5829","open_id":"oP0kH7FLOOQNyvKpalZY1q4ZnqkQ","order_type":1,"amount":5000,"status":0,"created_at":{"$date":"2025-06-15T00:58:27.713Z"}}
{"_id":"61493796684e1b8002cec1eb21b7c038","order_no":"VIP20250615283222","student_id":"2b83cb16680cb6de01e648ac7008f339","open_id":"oP0kH7FLOOQNyvKpalZY1q4ZnqkQ","order_type":1,"amount":5000,"status":1,"created_at":{"$date":"2025-06-15T01:01:52.455Z"},"pay_method":"wxpay","pay_time":{"$date":"2025-06-15T01:02:00.617Z"},"wx_order_no":"4200002724202506158338326898"}
{"_id":"61493796684e1bb402cec5075d249e4b","order_no":"VIP20250615505253","student_id":"e647148e684e1a4602d23a2056ab5829","open_id":"oP0kH7FLOOQNyvKpalZY1q4ZnqkQ","order_type":1,"amount":5000,"status":0,"created_at":{"$date":"2025-06-15T01:02:44.996Z"}}
{"_id":"d77d384f684e1f2a02d719d722fc03c6","order_no":"EXAM17499502508841125","student_id":"2b83cb16680cb6de01e648ac7008f339","order_type":2,"amount":500,"status":1,"related_exam_id":"ed863e82684e1f2a02d4566f353b4df5","created_at":{"$date":"2025-06-15T01:17:30.917Z"},"pay_method":"wxpay","pay_time":{"$date":"2025-06-15T01:17:41.197Z"},"wx_order_no":"4200002665202506151421309830"}
{"_id":"e647148e684e22ce02d2dd41623af556","order_no":"VIP20250615474591","student_id":"0e7893fb680de2d601f290e808148faa","open_id":"oP0kH7G1v1uUyzle3lF_44vPQDnE","order_type":1,"amount":5000,"status":1,"created_at":{"$date":"2025-06-15T01:33:02.685Z"},"pay_method":"wxpay","pay_time":{"$date":"2025-06-15T01:33:10.462Z"},"wx_order_no":"4200002656202506153711238703"}
{"_id":"e647148e684e22e102d2de4e751bf921","order_no":"EXAM17499512009662604","student_id":"0e7893fb680de2d601f290e808148faa","order_type":2,"amount":320,"status":1,"related_exam_id":"82bba809684e22e002d3c2c739bde08b","created_at":{"$date":"2025-06-15T01:33:21.004Z"},"pay_method":"wxpay","pay_time":{"$date":"2025-06-15T01:33:33.885Z"},"wx_order_no":"4200002723202506154413758894"}
{"_id":"ed863e82684e248302d4905c4e0102df","order_no":"VIP20250615559683","student_id":"b0131947680def2801f87c4959066e00","open_id":"oP0kH7LYzNSceRj-goJshwRHbf1I","order_type":1,"amount":5000,"status":1,"created_at":{"$date":"2025-06-15T01:40:19.376Z"},"pay_method":"wxpay","pay_time":{"$date":"2025-06-15T01:40:26.922Z"},"wx_order_no":"4200002663202506151426195233"}
{"_id":"82bba809684e249302d3d30a61ada541","order_no":"EXAM17499516356119296","student_id":"b0131947680def2801f87c4959066e00","order_type":2,"amount":600,"status":0,"related_exam_id":"eea1754d684e249302d396f61df78e18","created_at":{"$date":"2025-06-15T01:40:35.643Z"}}
{"_id":"dd1eb2b4684e24f102d170ab33f26b55","order_no":"VIP20250615048615","student_id":"9f86c656680dee7501f2a66800f343b3","open_id":"oP0kH7Pn-yakQr7MH-P5zeJ9M2No","order_type":1,"amount":5000,"status":1,"created_at":{"$date":"2025-06-15T01:42:09.398Z"},"pay_method":"wxpay","pay_time":{"$date":"2025-06-15T01:42:20.298Z"},"wx_order_no":"4200002639202506156115024306"}
{"_id":"557814e1684e251002cfc21e6259bd7a","order_no":"EXAM17499517605405472","student_id":"b0131947680def2801f87c4959066e00","order_type":2,"amount":600,"status":1,"related_exam_id":"fbf3bf43684e251002d41b9544e24ea2","created_at":{"$date":"2025-06-15T01:42:40.572Z"},"pay_method":"wxpay","pay_time":{"$date":"2025-06-15T01:43:06.944Z"},"wx_order_no":"4200002655202506155247914656"}
{"_id":"557814e1684e285602d0036572ec2e57","order_no":"VIP20250615534584","student_id":"9f86c656680e052101f3ea4533814ce7","open_id":"oP0kH7Ea19DrggSuFCgQHVzYmlNc","order_type":1,"amount":5000,"status":1,"created_at":{"$date":"2025-06-15T01:56:38.953Z"},"pay_method":"wxpay","pay_time":{"$date":"2025-06-15T01:56:51.267Z"},"wx_order_no":"4200002668202506154420008584"}
{"_id":"5377d5c0684e286d02d3ab2000886660","order_no":"VIP20250615191947","student_id":"adea4666684e283d02d265df03454d54","open_id":"oP0kH7Ea19DrggSuFCgQHVzYmlNc","order_type":1,"amount":5000,"status":0,"created_at":{"$date":"2025-06-15T01:57:01.864Z"}}
{"_id":"dd1eb2b4684e28e902d1bc6861347547","order_no":"EXAM17499527452174239","student_id":"9f86c656680dee7501f2a66800f343b3","order_type":2,"amount":650,"status":0,"related_exam_id":"6c670e5d684e28e902cd8c942052fe68","created_at":{"$date":"2025-06-15T01:59:05.258Z"}}
{"_id":"dd1eb2b4684e2e5802d2086b31cbc1b8","order_no":"EXAM17499541369363913","student_id":"9f86c656680dee7501f2a66800f343b3","order_type":2,"amount":650,"status":1,"related_exam_id":"dd1eb2b4684e2e5802d2086a7dfd018b","created_at":{"$date":"2025-06-15T02:22:16.977Z"},"pay_method":"wxpay","pay_time":{"$date":"2025-06-15T02:22:31.674Z"},"wx_order_no":"4200002645202506154203725144"}
{"_id":"fbf3bf43684e312502d4da6f3439da09","order_no":"EXAM17499548534843575","student_id":"c42c9d1b680dfe0d01f1bae96c1118cd","order_type":2,"amount":320,"status":1,"related_exam_id":"c0a2d8e4684e312502d30d834de84615","created_at":{"$date":"2025-06-15T02:34:13.516Z"},"pay_method":"wxpay","pay_time":{"$date":"2025-06-15T02:34:27.689Z"},"wx_order_no":"4200002646202506155243539617"}
{"_id":"6c670e5d684e314902ce02382c8337b1","order_no":"EXAM17499548891063571","student_id":"c42c9d1b680df10001f113c307ed1185","order_type":2,"amount":320,"status":1,"related_exam_id":"d77d384f684e314902d820731e9d998d","created_at":{"$date":"2025-06-15T02:34:49.141Z"},"pay_method":"wxpay","pay_time":{"$date":"2025-06-15T02:34:56.169Z"},"wx_order_no":"4200002725202506153279028230"}
{"_id":"dd1eb2b4684e337402d25e4b70d9f181","order_no":"EXAM17499554445398893","student_id":"fbf3bf43684d4d4102c9403d14ed0cfb","order_type":2,"amount":320,"status":1,"related_exam_id":"ed863e82684e337402d57f9a4e413d24","created_at":{"$date":"2025-06-15T02:44:04.584Z"},"pay_method":"wxpay","pay_time":{"$date":"2025-06-15T02:44:14.15Z"},"wx_order_no":"4200002657202506157760043125"}
{"_id":"fbf3bf43684e338f02d503296b50657f","order_no":"VIP20250615954969","student_id":"1b9686ec680de46101f344106d39f50b","open_id":"oP0kH7JYlbUyf-Uvr-ENW0kY8JAo","order_type":1,"amount":5000,"status":1,"created_at":{"$date":"2025-06-15T02:44:31.38Z"},"pay_method":"wxpay","pay_time":{"$date":"2025-06-15T02:44:39.296Z"},"wx_order_no":"4200002642202506152714333715"}
{"_id":"c0a2d8e4684e33a402d34238491ae9e5","order_no":"EXAM17499554925806713","student_id":"1b9686ec680de46101f344106d39f50b","order_type":2,"amount":320,"status":1,"related_exam_id":"2ed3518f684e33a402d36d2e27dd12d1","created_at":{"$date":"2025-06-15T02:44:52.612Z"},"pay_method":"wxpay","pay_time":{"$date":"2025-06-15T02:45:01.156Z"},"wx_order_no":"4200002723202506154569251808"}
{"_id":"557814e1684e34b402d0d35078b428ee","order_no":"VIP20250615205279","student_id":"80a8bd4f680de73001f39f7a60b6e6f4","open_id":"oP0kH7LO4FD7CxNCp1CwOljZLb3Y","order_type":1,"amount":5000,"status":0,"created_at":{"$date":"2025-06-15T02:49:24.352Z"}}
{"_id":"c611b946684e34da02d365704b31a8d6","order_no":"VIP20250615131034","student_id":"c611b94668288d7c00765d0820ab22fa","open_id":"oP0kH7D1uplSo0HglEZgPmQJCdak","order_type":1,"amount":5000,"status":1,"created_at":{"$date":"2025-06-15T02:50:02.219Z"},"pay_method":"wxpay","pay_time":{"$date":"2025-06-15T02:50:19.009Z"},"wx_order_no":"4200002719202506159760408113"}
{"_id":"2ed3518f684e34f502d37d8a3f69d931","order_no":"EXAM17499558289748641","student_id":"c611b94668288d7c00765d0820ab22fa","order_type":2,"amount":320,"status":1,"related_exam_id":"d77d384f684e34f402d85aab06ca9aef","created_at":{"$date":"2025-06-15T02:50:29.014Z"},"pay_method":"wxpay","pay_time":{"$date":"2025-06-15T02:50:37.315Z"},"wx_order_no":"4200002640202506158377316549"}
{"_id":"82bba809684e35ba02d4c5f61eaeb6af","order_no":"VIP20250615531722","student_id":"80a8bd4f680de73001f39f7a60b6e6f4","open_id":"oP0kH7LO4FD7CxNCp1CwOljZLb3Y","order_type":1,"amount":5000,"status":0,"created_at":{"$date":"2025-06-15T02:53:46.414Z"}}
{"_id":"82bba809684e41f202d5555510e9e606","order_no":"VIP20250615846496","student_id":"eea1754d6830206700e97976358a7c0a","open_id":"oP0kH7FJuW_R0o-0FSYZfM9_oHOw","order_type":1,"amount":5000,"status":0,"created_at":{"$date":"2025-06-15T03:45:54.319Z"}}
{"_id":"557814e1684e4e1802d1ee0d72cb2bae","order_no":"VIP20250615893873","student_id":"eea1754d6830206700e97976358a7c0a","open_id":"oP0kH7FJuW_R0o-0FSYZfM9_oHOw","order_type":1,"amount":5000,"status":1,"created_at":{"$date":"2025-06-15T04:37:44.191Z"},"pay_method":"wxpay","pay_time":{"$date":"2025-06-15T04:37:52.169Z"},"wx_order_no":"4200002652202506151805891615"}
{"_id":"c0a2d8e4684e4e6f02d466fd4c4abda0","order_no":"EXAM17499623516818470","student_id":"eea1754d6830206700e97976358a7c0a","order_type":2,"amount":500,"status":1,"related_exam_id":"6c670e5d684e4e6f02cf66071f2a7cc3","created_at":{"$date":"2025-06-15T04:39:11.723Z"},"pay_method":"wxpay","pay_time":{"$date":"2025-06-15T04:39:20.316Z"},"wx_order_no":"4200002635202506151746320405"}
{"_id":"82bba809684e635b02d6e69f2c371d00","order_no":"VIP20250615973510","student_id":"0e7893fb680f3fcd02039bfd0880d88c","open_id":"oP0kH7DirxFMSH4W_7ZqZA6WF_e8","order_type":1,"amount":5000,"status":1,"created_at":{"$date":"2025-06-15T06:08:27.045Z"},"pay_method":"wxpay","pay_time":{"$date":"2025-06-15T06:08:36.281Z"},"wx_order_no":"4200002665202506151284151957"}
{"_id":"8524406c684e63c802d87d5e2cc70914","order_no":"EXAM17499678159724894","student_id":"0e7893fb680f3fcd02039bfd0880d88c","order_type":2,"amount":320,"status":1,"related_exam_id":"fbf3bf43684e63c702d77f34173c0367","created_at":{"$date":"2025-06-15T06:10:16.016Z"},"pay_method":"wxpay","pay_time":{"$date":"2025-06-15T06:10:24.192Z"},"wx_order_no":"4200002718202506159373867985"}
{"_id":"486be3ad684e681702d0772b0265ba09","order_no":"VIP20250615638793","student_id":"5be31a71680df4e801f73cae366a5d37","open_id":"oP0kH7IJcOdKZuNRG__K91-bN61c","order_type":1,"amount":5000,"status":0,"created_at":{"$date":"2025-06-15T06:28:39.876Z"}}
{"_id":"8524406c684e683702d8c0a5648168c5","order_no":"VIP20250615698684","student_id":"5be31a71680df4e801f73cae366a5d37","open_id":"oP0kH7IJcOdKZuNRG__K91-bN61c","order_type":1,"amount":5000,"status":0,"created_at":{"$date":"2025-06-15T06:29:11.648Z"}}
{"_id":"ed863e82684e688302d853ef3bff836e","order_no":"VIP20250615776159","student_id":"5be31a71680df4e801f73cae366a5d37","open_id":"oP0kH7IJcOdKZuNRG__K91-bN61c","order_type":1,"amount":5000,"status":1,"created_at":{"$date":"2025-06-15T06:30:27.386Z"},"pay_method":"wxpay","pay_time":{"$date":"2025-06-15T06:30:38.226Z"},"wx_order_no":"4200002644202506159155489076"}
{"_id":"adea4666684e689702d5c7ce035d5d54","order_no":"EXAM17499690469872818","student_id":"5be31a71680df4e801f73cae366a5d37","order_type":2,"amount":500,"status":1,"related_exam_id":"557814e1684e689602d33789225b16a3","created_at":{"$date":"2025-06-15T06:30:47.03Z"},"pay_method":"wxpay","pay_time":{"$date":"2025-06-15T06:30:55.646Z"},"wx_order_no":"4200002735202506154947216017"}
{"_id":"ed863e82684e6bc002d88b482850751f","order_no":"VIP20250615229572","student_id":"65dc6258680df57f01f61970629b982f","open_id":"oP0kH7IJcOdKZuNRG__K91-bN61c","order_type":1,"amount":5000,"status":1,"created_at":{"$date":"2025-06-15T06:44:16.48Z"},"pay_method":"wxpay","pay_time":{"$date":"2025-06-15T06:44:24.592Z"},"wx_order_no":"4200002663202506156585831390"}
{"_id":"dd1eb2b4684e6bce02d577342b5bb3c2","order_no":"EXAM17499698701019538","student_id":"65dc6258680df57f01f61970629b982f","order_type":2,"amount":500,"status":1,"related_exam_id":"61493796684e6bce02d331f56706ca70","created_at":{"$date":"2025-06-15T06:44:30.137Z"},"pay_method":"wxpay","pay_time":{"$date":"2025-06-15T06:44:38.794Z"},"wx_order_no":"4200002636202506154886715728"}
{"_id":"486be3ad684e6cfe02d0abdc6a3246da","order_no":"VIP20250615817566","student_id":"e1cff635680df28501f5d209737cdee8","open_id":"oP0kH7Pl0M-1seGx6L8B_q2QpqDM","order_type":1,"amount":5000,"status":0,"created_at":{"$date":"2025-06-15T06:49:34.013Z"}}
{"_id":"6c2530cc684e6d2c02d523890c4a0261","order_no":"VIP20250615347708","student_id":"d33be422680df13001f36a6c07db2c8f","open_id":"oP0kH7Eul29P9RG3N9BiknSJQPLY","order_type":1,"amount":5000,"status":1,"created_at":{"$date":"2025-06-15T06:50:20.765Z"},"pay_method":"wxpay","pay_time":{"$date":"2025-06-15T06:50:33.34Z"},"wx_order_no":"4200002656202506152581229529"}
{"_id":"c0a2d8e4684e6d4202d6323b36335423","order_no":"EXAM17499702421061401","student_id":"d33be422680df13001f36a6c07db2c8f","order_type":2,"amount":360,"status":0,"related_exam_id":"6c2530cc684e6d4202d5263b644bf63e","created_at":{"$date":"2025-06-15T06:50:42.139Z"}}
{"_id":"2ed3518f684e6d5502d6473e6d306df1","order_no":"EXAM17499702614268625","student_id":"d33be422680df13001f36a6c07db2c8f","order_type":2,"amount":360,"status":1,"related_exam_id":"2ed3518f684e6d5502d6473d2892d039","created_at":{"$date":"2025-06-15T06:51:01.461Z"},"pay_method":"wxpay","pay_time":{"$date":"2025-06-15T06:51:09.518Z"},"wx_order_no":"4200002667202506150503175604"}
{"_id":"29dca3d5684e6f3b02d738bd032de190","order_no":"VIP20250615641851","student_id":"b7e94e9b680dff0401f6f66d21b19352","open_id":"oP0kH7MFoq9ypbDjzr0PY2zPP83Y","order_type":1,"amount":5000,"status":0,"created_at":{"$date":"2025-06-15T06:59:07.739Z"}}
{"_id":"486be3ad684e6f5902d0cb2271d9d554","order_no":"VIP20250615696448","student_id":"c611b946683ef52501cbf90d5d7b3089","open_id":"oP0kH7CwTRLHuejnKxx8EbayTS_s","order_type":1,"amount":5000,"status":0,"created_at":{"$date":"2025-06-15T06:59:37.541Z"}}
{"_id":"486be3ad684e6f9102d0cf141b03236e","order_no":"VIP20250615058527","student_id":"c611b946683ef52501cbf90d5d7b3089","open_id":"oP0kH7CwTRLHuejnKxx8EbayTS_s","order_type":1,"amount":5000,"status":0,"created_at":{"$date":"2025-06-15T07:00:33.255Z"}}
{"_id":"fbf3bf43684e6fce02d84c2630c13850","order_no":"VIP20250615539802","student_id":"b7e94e9b680dff0401f6f66d21b19352","open_id":"oP0kH7MFoq9ypbDjzr0PY2zPP83Y","order_type":1,"amount":5000,"status":1,"created_at":{"$date":"2025-06-15T07:01:34.802Z"},"pay_method":"wxpay","pay_time":{"$date":"2025-06-15T07:01:42.18Z"},"wx_order_no":"4200002728202506152514671472"}
{"_id":"eea1754d684e703402d7c3907a2721c4","order_no":"VIP20250615511167","student_id":"9f86c65668107742021138cc110b386b","open_id":"oP0kH7MwUeYjmy6nkujtB25trCU8","order_type":1,"amount":5000,"status":0,"created_at":{"$date":"2025-06-15T07:03:16.2Z"}}
{"_id":"5377d5c0684e708902d789a572ea36d7","order_no":"VIP20250615128564","student_id":"9f86c65668107742021138cc110b386b","open_id":"oP0kH7MwUeYjmy6nkujtB25trCU8","order_type":1,"amount":5000,"status":1,"created_at":{"$date":"2025-06-15T07:04:41.573Z"},"pay_method":"wxpay","pay_time":{"$date":"2025-06-15T07:04:54.198Z"},"wx_order_no":"4200002635202506159658120372"}
{"_id":"6c670e5d684e723c02d1b2cb5e91febb","order_no":"VIP20250615867933","student_id":"c611b946683ef52501cbf90d5d7b3089","open_id":"oP0kH7CwTRLHuejnKxx8EbayTS_s","order_type":1,"amount":5000,"status":1,"created_at":{"$date":"2025-06-15T07:11:56.337Z"},"pay_method":"wxpay","pay_time":{"$date":"2025-06-15T07:12:04.395Z"},"wx_order_no":"4200002665202506153481706075"}
{"_id":"29dca3d5684e7fe702d86716005d3dc2","order_no":"VIP20250615095307","student_id":"b7e94e9b680ded3401f605bc2ff4a5e0","open_id":"oP0kH7NQWRxMwrPNGpkcg-ceG5ng","order_type":1,"amount":5000,"status":0,"created_at":{"$date":"2025-06-15T08:10:15.359Z"}}
{"_id":"c611b946684e819702d7905566741c07","order_no":"EXAM1749975447559159","student_id":"9f86c656680e052101f3ea4533814ce7","order_type":2,"amount":700,"status":1,"related_exam_id":"e647148e684e819702d82d425aa5058f","created_at":{"$date":"2025-06-15T08:17:27.594Z"},"pay_method":"wxpay","pay_time":{"$date":"2025-06-15T08:17:37.029Z"},"wx_order_no":"4200002720202506152816545448"}
{"_id":"ed863e82684e899702dae15d4a0d9d87","order_no":"VIP20250615347382","student_id":"80a8bd4f680de73001f39f7a60b6e6f4","open_id":"oP0kH7LO4FD7CxNCp1CwOljZLb3Y","order_type":1,"amount":5000,"status":0,"created_at":{"$date":"2025-06-15T08:51:35.996Z"}}
{"_id":"eea1754d684e89bd02da0203773a40d7","order_no":"VIP20250615400030","student_id":"80a8bd4f680de73001f39f7a60b6e6f4","open_id":"oP0kH7LO4FD7CxNCp1CwOljZLb3Y","order_type":1,"amount":5000,"status":0,"created_at":{"$date":"2025-06-15T08:52:13.091Z"}}
{"_id":"6c670e5d684e8add02d3d32361726c54","order_no":"EXAM17499778213383844","student_id":"2b83cb16680df22201f3116572596172","order_type":2,"amount":500,"status":1,"related_exam_id":"e647148e684e8add02d92ee733374a7d","created_at":{"$date":"2025-06-15T08:57:01.37Z"},"pay_method":"wxpay","pay_time":{"$date":"2025-06-15T08:57:17.537Z"},"wx_order_no":"4200002717202506157381398041"}
{"_id":"c0a2d8e4684e953f02da1aba13bb9a2b","order_no":"VIP20250615830707","student_id":"65dc6258680cbda601e8d1936924d7d7","open_id":"oP0kH7ALVHTviKW8_-5Gq4RRJaRE","order_type":1,"amount":5000,"status":0,"created_at":{"$date":"2025-06-15T09:41:19.064Z"}}
{"_id":"486be3ad684e96d402d44c954169173d","order_no":"VIP20250615263853","student_id":"f4ec2f0f684e968f02ddc3a05d9dc26f","open_id":"oP0kH7JCMKz3mW93nLEAR4dnXaHQ","order_type":1,"amount":5000,"status":0,"created_at":{"$date":"2025-06-15T09:48:04.914Z"}}
{"_id":"486be3ad684e9b6e02d4ce823693cd95","order_no":"VIP20250615203664","student_id":"f4ec2f0f684e968f02ddc3a05d9dc26f","open_id":"oP0kH7JCMKz3mW93nLEAR4dnXaHQ","order_type":1,"amount":5000,"status":1,"created_at":{"$date":"2025-06-15T10:07:42.734Z"},"pay_method":"wxpay","pay_time":{"$date":"2025-06-15T10:07:51.783Z"},"wx_order_no":"4200002721202506151031789790"}
{"_id":"e647148e684e9b7d02db388b46f77782","order_no":"EXAM17499820773715440","student_id":"f4ec2f0f684e968f02ddc3a05d9dc26f","order_type":2,"amount":360,"status":1,"related_exam_id":"2ed3518f684e9b7d02daabf46d884784","created_at":{"$date":"2025-06-15T10:07:57.405Z"},"pay_method":"wxpay","pay_time":{"$date":"2025-06-15T10:08:05.581Z"},"wx_order_no":"4200002742202506159373458918"}
{"_id":"29dca3d5684e9cd502dbd73262204093","order_no":"VIP20250615869856","student_id":"c42c9d1b681eed5402bf64fd14111c53","open_id":"oP0kH7I1r1_NRtszRQliMORdPC8E","order_type":1,"amount":5000,"status":1,"created_at":{"$date":"2025-06-15T10:13:41.051Z"},"pay_method":"wxpay","pay_time":{"$date":"2025-06-15T10:13:49.99Z"},"wx_order_no":"4200002728202506150029753207"}
{"_id":"fbf3bf43684eb01602de5e5762316738","order_no":"VIP20250615598993","student_id":"80a8bd4f680de73001f39f7a60b6e6f4","open_id":"oP0kH7LO4FD7CxNCp1CwOljZLb3Y","order_type":1,"amount":5000,"status":0,"created_at":{"$date":"2025-06-15T11:35:50.863Z"}}
{"_id":"d77d384f684eb08f02e14b010bee64ed","order_no":"VIP20250615850293","student_id":"ed153fc7680ded7e01f0df076626399d","open_id":"oP0kH7K9RHPCJW5uS3T_ztDY2Zc8","order_type":1,"amount":5000,"status":0,"created_at":{"$date":"2025-06-15T11:37:51.963Z"}}
{"_id":"6c2530cc684eb25502db30977d7b0315","order_no":"VIP20250615234399","student_id":"ed153fc7680ded7e01f0df076626399d","open_id":"oP0kH7K9RHPCJW5uS3T_ztDY2Zc8","order_type":1,"amount":5000,"status":1,"created_at":{"$date":"2025-06-15T11:45:25.663Z"},"pay_method":"wxpay","pay_time":{"$date":"2025-06-15T11:45:42.747Z"},"wx_order_no":"4200002656202506159751748542"}
{"_id":"486be3ad684eb27402d6a24849bf67fd","order_no":"EXAM17499879566958340","student_id":"ed153fc7680ded7e01f0df076626399d","order_type":2,"amount":500,"status":1,"related_exam_id":"dd1eb2b4684eb27402dbc39562f3d418","created_at":{"$date":"2025-06-15T11:45:56.726Z"},"pay_method":"wxpay","pay_time":{"$date":"2025-06-15T11:46:11.986Z"},"wx_order_no":"4200002655202506154671860187"}
{"_id":"486be3ad684eb2c502d6a7d068723ad7","order_no":"EXAM17499880375652332","student_id":"c42c9d1b681eed5402bf64fd14111c53","order_type":2,"amount":320,"status":1,"related_exam_id":"8524406c684eb2c502df79e04b579b00","created_at":{"$date":"2025-06-15T11:47:17.602Z"},"pay_method":"wxpay","pay_time":{"$date":"2025-06-15T11:47:26.63Z"},"wx_order_no":"4200002721202506153722199062"}
{"_id":"f4ec2f0f684eb50302e0716809d6f9c4","order_no":"VIP20250615003745","student_id":"85b0d333680dfdcf01f4520049d5aad6","open_id":"oP0kH7NfLT-1aua2VR_p0pUaxuJA","order_type":1,"amount":5000,"status":1,"created_at":{"$date":"2025-06-15T11:56:51.708Z"},"pay_method":"wxpay","pay_time":{"$date":"2025-06-15T11:57:01.701Z"},"wx_order_no":"4200002654202506156108408272"}
{"_id":"adea4666684eb53b02dc41967730c507","order_no":"EXAM17499886674587770","student_id":"85b0d333680dfdcf01f4520049d5aad6","order_type":2,"amount":500,"status":1,"related_exam_id":"d77d384f684eb53b02e19d1e152fe933","created_at":{"$date":"2025-06-15T11:57:47.508Z"},"pay_method":"wxpay","pay_time":{"$date":"2025-06-15T11:57:57.181Z"},"wx_order_no":"4200002656202506156688162439"}
{"_id":"6c2530cc684ebc4d02dc37ef7f66cb77","order_no":"VIP20250615442083","student_id":"1b9686ec680deef201f3da3569866c8b","open_id":"oP0kH7BEAWfoYI7LLGwGebSSYwpg","order_type":1,"amount":5000,"status":1,"created_at":{"$date":"2025-06-15T12:27:57.444Z"},"pay_method":"wxpay","pay_time":{"$date":"2025-06-15T12:28:07.344Z"},"wx_order_no":"4200002651202506156901477635"}
{"_id":"c611b946684ebdab02dcf99b73edeb08","order_no":"EXAM17499908271252334","student_id":"1b9686ec680deef201f3da3569866c8b","order_type":2,"amount":400,"status":1,"related_exam_id":"f4ec2f0f684ebdab02e141b20d231323","created_at":{"$date":"2025-06-15T12:33:47.161Z"},"pay_method":"wxpay","pay_time":{"$date":"2025-06-15T12:33:56.015Z"},"wx_order_no":"4200002664202506156924362193"}
{"_id":"5377d5c0684ec26c02df5d9576d647a8","order_no":"EXAM17499920446485128","student_id":"c611b946683ef52501cbf90d5d7b3089","order_type":2,"amount":320,"status":1,"related_exam_id":"486be3ad684ec26c02d7e53a4fe1b33f","created_at":{"$date":"2025-06-15T12:54:04.692Z"},"pay_method":"wxpay","pay_time":{"$date":"2025-06-15T12:54:13.496Z"},"wx_order_no":"4200002640202506156542317409"}
{"_id":"adea4666684f7fb002e6917b472e837e","order_no":"VIP20250616505136","student_id":"b0131947680f406c020835344b511c1b","open_id":"oP0kH7OH6TuwEPprn4e-CpDYWZv4","order_type":1,"amount":5000,"status":0,"created_at":{"$date":"2025-06-16T02:21:36.002Z"}}
{"_id":"d77d384f684f7fef02ec2c1f029adbe2","order_no":"VIP20250616784612","student_id":"b0131947680f406c020835344b511c1b","open_id":"oP0kH7OH6TuwEPprn4e-CpDYWZv4","order_type":1,"amount":5000,"status":1,"created_at":{"$date":"2025-06-16T02:22:39.395Z"},"pay_method":"wxpay","pay_time":{"$date":"2025-06-16T02:22:46.486Z"},"wx_order_no":"4200002654202506168003732501"}
{"_id":"dd1eb2b4684fca7102ec3b8878e834a3","order_no":"VIP20250616854339","student_id":"e1cff635680df28501f5d209737cdee8","open_id":"oP0kH7Pl0M-1seGx6L8B_q2QpqDM","order_type":1,"amount":5000,"status":1,"created_at":{"$date":"2025-06-16T07:40:33.487Z"},"pay_method":"wxpay","pay_time":{"$date":"2025-06-16T07:40:41.507Z"},"wx_order_no":"4200002661202506165488203260"}
{"_id":"82bba809684fca8202ee29f10af36c19","order_no":"EXAM17500596500949042","student_id":"e1cff635680df28501f5d209737cdee8","order_type":2,"amount":320,"status":1,"related_exam_id":"adea4666684fca8202ec6637724d8e31","created_at":{"$date":"2025-06-16T07:40:50.133Z"},"pay_method":"wxpay","pay_time":{"$date":"2025-06-16T07:40:58.759Z"},"wx_order_no":"4200002665202506163447455538"}
{"_id":"c0a2d8e4684fce8a02edd7583aef914a","order_no":"VIP20250616242022","student_id":"29dca3d5683ef5bb01cd75d52f667868","open_id":"oP0kH7P8NYfNqNs301-MBBRkgyqI","order_type":1,"amount":5000,"status":1,"created_at":{"$date":"2025-06-16T07:58:02.392Z"},"pay_method":"wxpay","pay_time":{"$date":"2025-06-16T07:58:19.449Z"},"wx_order_no":"4200002736202506161430192162"}
{"_id":"61493796684fe7b202ec47ca175ae204","order_no":"VIP20250616112529","student_id":"fbf3bf43683bd16001a0b1c07c874792","open_id":"oP0kH7E0xNPqK1xPuB_qJ3D4_Vno","order_type":1,"amount":5000,"status":1,"created_at":{"$date":"2025-06-16T09:45:22.138Z"},"pay_method":"wxpay","pay_time":{"$date":"2025-06-16T09:45:36.818Z"},"wx_order_no":"4200002735202506161394238642"}
{"_id":"6c670e5d684fe7de02eb401e63754739","order_no":"EXAM17500671662487087","student_id":"fbf3bf43683bd16001a0b1c07c874792","order_type":2,"amount":320,"status":1,"related_exam_id":"eea1754d684fe7de02f0ebf519bd6bdd","created_at":{"$date":"2025-06-16T09:46:06.298Z"},"pay_method":"wxpay","pay_time":{"$date":"2025-06-16T09:46:15.143Z"},"wx_order_no":"4200002653202506167444481700"}
{"_id":"2ed3518f6850018b02f249215ce66b7a","order_no":"VIP20250616971180","student_id":"b7e94e9b680ded3401f605bc2ff4a5e0","open_id":"oP0kH7NQWRxMwrPNGpkcg-ceG5ng","order_type":1,"amount":5000,"status":1,"created_at":{"$date":"2025-06-16T11:35:39.123Z"},"pay_method":"wxpay","pay_time":{"$date":"2025-06-16T11:35:48.168Z"},"wx_order_no":"4200002744202506162341854839"}
{"_id":"29dca3d56850019902f2c2914c180a73","order_no":"EXAM17500737535883063","student_id":"b7e94e9b680ded3401f605bc2ff4a5e0","order_type":2,"amount":450,"status":1,"related_exam_id":"6c670e5d6850019902ed2a8d49ac139e","created_at":{"$date":"2025-06-16T11:35:53.633Z"},"pay_method":"wxpay","pay_time":{"$date":"2025-06-16T11:36:01.854Z"},"wx_order_no":"4200002637202506162660512940"}
{"_id":"29dca3d568501e5802f502dd45d06284","order_no":"VIP20250616652673","student_id":"2b83cb16680cbd5b01e68b553546571c","open_id":"oP0kH7PvsQz9a4r3ve8A59QHWHS4","order_type":1,"amount":5000,"status":0,"created_at":{"$date":"2025-06-16T13:38:32.135Z"}}
{"_id":"ed863e82685024a002f671932d612c1a","order_no":"VIP20250616537827","student_id":"073a77ac680debf801f43ab72ce19733","open_id":"oP0kH7DfRimZQFqB4Cc9PHkxQbnY","order_type":1,"amount":5000,"status":1,"created_at":{"$date":"2025-06-16T14:05:20.453Z"},"pay_method":"wxpay","pay_time":{"$date":"2025-06-16T14:05:34.134Z"},"wx_order_no":"4200002634202506168495660782"}
{"_id":"dd1eb2b46850250d02f418ad08f93c6f","order_no":"EXAM17500828290869997","student_id":"073a77ac680debf801f43ab72ce19733","order_type":2,"amount":500,"status":1,"related_exam_id":"614937966850250d02f0c1e8089752d1","created_at":{"$date":"2025-06-16T14:07:09.137Z"},"pay_method":"wxpay","pay_time":{"$date":"2025-06-16T14:07:22.035Z"},"wx_order_no":"4200002633202506163041759867"}
{"_id":"fbf3bf43685026ab02f5b442421332e2","order_no":"EXAM1750083243746700","student_id":"9f86c65668107742021138cc110b386b","order_type":2,"amount":400,"status":1,"related_exam_id":"c0a2d8e4685026ab02f5960a3fdf6523","created_at":{"$date":"2025-06-16T14:14:03.777Z"},"pay_method":"wxpay","pay_time":{"$date":"2025-06-16T14:14:12.046Z"},"wx_order_no":"4200002739202506168819689214"}
{"_id":"e647148e6850a9fe02fa67182f5aee6c","order_no":"VIP20250616243410","student_id":"2b83cb16680dfd8401f3a6ee322ded81","open_id":"oP0kH7IW89y7So_ij08aMLlhkTNw","order_type":1,"amount":5000,"status":0,"created_at":{"$date":"2025-06-16T23:34:22.03Z"}}
{"_id":"dd1eb2b46850c07b02fb130e69006a0f","order_no":"VIP20250617366013","student_id":"2b83cb16680de63801f24c68150f490a","open_id":"oP0kH7B4v__59u8qID3cg972-xXY","order_type":1,"amount":5000,"status":1,"created_at":{"$date":"2025-06-17T01:10:19.88Z"},"pay_method":"wxpay","pay_time":{"$date":"2025-06-17T01:10:28.174Z"},"wx_order_no":"4200002658202506177269816610"}
{"_id":"c611b9466850c09602fb4dbe54c72291","order_no":"EXAM17501226463033014","student_id":"2b83cb16680de63801f24c68150f490a","order_type":2,"amount":360,"status":1,"related_exam_id":"2ed3518f6850c09602fb830b3e2c775c","created_at":{"$date":"2025-06-17T01:10:46.339Z"},"pay_method":"wxpay","pay_time":{"$date":"2025-06-17T01:10:54.559Z"},"wx_order_no":"4200002735202506174508124155"}
{"_id":"614937966850c31302f8298d622ef5f7","order_no":"EXAM17501232830449527","student_id":"29dca3d5683ef5bb01cd75d52f667868","order_type":2,"amount":320,"status":1,"related_exam_id":"29dca3d56850c31302fcd9e60fb01e32","created_at":{"$date":"2025-06-17T01:21:23.076Z"},"pay_method":"wxpay","pay_time":{"$date":"2025-06-17T01:21:29.956Z"},"wx_order_no":"4200002667202506174865861497"}
{"_id":"f4ec2f0f6850c82002ffeca774624cb1","order_no":"EXAM17501245763847884","student_id":"b7e94e9b680dff0401f6f66d21b19352","order_type":2,"amount":360,"status":1,"related_exam_id":"29dca3d56850c82002fd578b1a6de7ed","created_at":{"$date":"2025-06-17T01:42:56.43Z"},"pay_method":"wxpay","pay_time":{"$date":"2025-06-17T01:43:03.444Z"},"wx_order_no":"4200002639202506170404174190"}
{"_id":"82bba8096850f067030079623acab598","order_no":"VIP20250617289192","student_id":"2b83cb16680cbd5b01e68b553546571c","open_id":"oP0kH7PvsQz9a4r3ve8A59QHWHS4","order_type":1,"amount":5000,"status":1,"created_at":{"$date":"2025-06-17T04:34:47.921Z"},"pay_method":"wxpay","pay_time":{"$date":"2025-06-17T04:34:56.679Z"},"wx_order_no":"4200002640202506175876786432"}
{"_id":"adea46666850f07702fea3d35cc95905","order_no":"EXAM17501349034429770","student_id":"2b83cb16680cbd5b01e68b553546571c","order_type":2,"amount":2600,"status":0,"related_exam_id":"2ed3518f6850f07702ff049a01f527ed","created_at":{"$date":"2025-06-17T04:35:03.479Z"}}
{"_id":"eea1754d6850f08602ffd1ac506c1ecd","order_no":"EXAM17501349186709303","student_id":"2b83cb16680cbd5b01e68b553546571c","order_type":2,"amount":2600,"status":0,"related_exam_id":"2ed3518f6850f08602ff061b62b0dfe2","created_at":{"$date":"2025-06-17T04:35:18.703Z"}}
{"_id":"e647148e6850f0cf02ff6f965f69d4d4","order_no":"EXAM1750134991683188","student_id":"2b83cb16680cbd5b01e68b553546571c","order_type":2,"amount":2600,"status":0,"related_exam_id":"82bba8096850f0cf03007f2275b81bf5","created_at":{"$date":"2025-06-17T04:36:31.71Z"}}
{"_id":"6c2530cc6850f10c02fdf8e44d4b5f44","order_no":"EXAM17501350528589756","student_id":"2b83cb16680cbd5b01e68b553546571c","order_type":2,"amount":2600,"status":1,"related_exam_id":"f4ec2f0f6850f10c0302cfd0517b6bc3","created_at":{"$date":"2025-06-17T04:37:32.896Z"},"pay_method":"wxpay","pay_time":{"$date":"2025-06-17T04:37:57.168Z"},"wx_order_no":"4200002654202506174378654864"}
{"_id":"e647148e6850f23802ff7c714233f7e2","order_no":"VIP20250617704448","student_id":"5377d5c0683a941d0192622e57b80b01","open_id":"oP0kH7DbSCuKNMzeGhh4t4l93SGQ","order_type":1,"amount":5000,"status":1,"created_at":{"$date":"2025-06-17T04:42:32.204Z"},"pay_method":"wxpay","pay_time":{"$date":"2025-06-17T04:42:40.486Z"},"wx_order_no":"4200002731202506177299349096"}
{"_id":"d77d384f6850f32f0304a0c66cee67a1","order_no":"VIP20250617333070","student_id":"557814e16850f21502fc75a96e01e338","open_id":"oP0kH7DbSCuKNMzeGhh4t4l93SGQ","order_type":1,"amount":5000,"status":0,"created_at":{"$date":"2025-06-17T04:46:39.975Z"}}
{"_id":"8524406c6850f56903025f6524a4e323","order_no":"EXAM17501361695969817","student_id":"5377d5c0683a941d0192622e57b80b01","order_type":2,"amount":320,"status":1,"related_exam_id":"f4ec2f0f6850f569030300b750a0c4db","created_at":{"$date":"2025-06-17T04:56:09.624Z"},"pay_method":"wxpay","pay_time":{"$date":"2025-06-17T04:56:20.234Z"},"wx_order_no":"4200002739202506177588079424"}
{"_id":"486be3ad6850f80502f8cf351d490c65","order_no":"VIP20250617236491","student_id":"80a8bd4f680de73001f39f7a60b6e6f4","open_id":"oP0kH7LO4FD7CxNCp1CwOljZLb3Y","order_type":1,"amount":5000,"status":1,"created_at":{"$date":"2025-06-17T05:07:17.597Z"},"pay_method":"wxpay","pay_time":{"$date":"2025-06-17T05:07:28.281Z"},"wx_order_no":"4200002741202506175259491830"}
{"_id":"82bba8096850f81c0300d4f05e0c834a","order_no":"EXAM17501368606608101","student_id":"80a8bd4f680de73001f39f7a60b6e6f4","order_type":2,"amount":450,"status":1,"related_exam_id":"614937966850f81c02fc123d51f8546a","created_at":{"$date":"2025-06-17T05:07:40.697Z"},"pay_method":"wxpay","pay_time":{"$date":"2025-06-17T05:07:48.204Z"},"wx_order_no":"4200002633202506172667813673"}
{"_id":"6c670e5d685124c802ff77f942763856","order_no":"VIP20250617549084","student_id":"a6ec3048680de69201f3e09d6a6d3645","open_id":"oP0kH7Il8Hqi8GV1srtHY8b0jvig","order_type":1,"amount":5000,"status":0,"created_at":{"$date":"2025-06-17T08:18:16.942Z"}}
{"_id":"fbf3bf43685124ee030578b8672dab76","order_no":"VIP20250617659340","student_id":"a6ec3048680de69201f3e09d6a6d3645","open_id":"oP0kH7Il8Hqi8GV1srtHY8b0jvig","order_type":1,"amount":5000,"status":1,"created_at":{"$date":"2025-06-17T08:18:54.142Z"},"pay_method":"wxpay","pay_time":{"$date":"2025-06-17T08:19:04.027Z"},"wx_order_no":"4200002651202506171496651665"}
{"_id":"6c2530cc685125020303005966e307b2","order_no":"EXAM17501483542544503","student_id":"a6ec3048680de69201f3e09d6a6d3645","order_type":2,"amount":500,"status":1,"related_exam_id":"29dca3d568512502030560426afa922e","created_at":{"$date":"2025-06-17T08:19:14.296Z"},"pay_method":"wxpay","pay_time":{"$date":"2025-06-17T08:19:22.447Z"},"wx_order_no":"4200002645202506174309091516"}
{"_id":"557814e168514a870305d2f156c5399a","order_no":"EXAM1750157959903775","student_id":"e23fc3b2680f6d9402024082716505e5","order_type":2,"amount":400,"status":0,"related_exam_id":"f4ec2f0f68514a87030ce29d645cb350","created_at":{"$date":"2025-06-17T10:59:19.941Z"}}
{"_id":"dd1eb2b46851589903093961015f1b39","order_no":"VIP20250617488751","student_id":"d77d384f683ef69101cfbcc626d4d2a8","open_id":"oP0kH7ItRzr0OMC626AxX06Gjpvc","order_type":1,"amount":5000,"status":0,"created_at":{"$date":"2025-06-17T11:59:21.072Z"}}
{"_id":"c611b946685159370309afe97ffd726b","order_no":"VIP20250617263718","student_id":"d77d384f683ef69101cfbcc626d4d2a8","open_id":"oP0kH7ItRzr0OMC626AxX06Gjpvc","order_type":1,"amount":5000,"status":1,"created_at":{"$date":"2025-06-17T12:01:59.939Z"},"pay_method":"wxpay","pay_time":{"$date":"2025-06-17T12:02:07.947Z"},"wx_order_no":"4200002654202506173150227290"}
{"_id":"557814e1685159d20307811f2673faaf","order_no":"EXAM17501618743788888","student_id":"d77d384f683ef69101cfbcc626d4d2a8","order_type":2,"amount":320,"status":1,"related_exam_id":"486be3ad685159d20303d101199d04d4","created_at":{"$date":"2025-06-17T12:04:34.429Z"},"pay_method":"wxpay","pay_time":{"$date":"2025-06-17T12:04:41.902Z"},"wx_order_no":"4200002739202506172247844214"}
{"_id":"dd1eb2b468521096031404ce66ce3f0e","order_no":"EXAM17502086619987904","student_id":"b0131947680f406c020835344b511c1b","order_type":2,"amount":320,"status":1,"related_exam_id":"c611b9466852109503142e06413cff72","created_at":{"$date":"2025-06-18T01:04:22.038Z"},"pay_method":"wxpay","pay_time":{"$date":"2025-06-18T01:04:35.792Z"},"wx_order_no":"4200002661202506185530525139"}
{"_id":"eea1754d6852a37b032b01c245856385","order_no":"VIP20250618408590","student_id":"65dc6258680cbda601e8d1936924d7d7","open_id":"oP0kH7ALVHTviKW8_-5Gq4RRJaRE","order_type":1,"amount":5000,"status":1,"created_at":{"$date":"2025-06-18T11:31:07.729Z"},"pay_method":"wxpay","pay_time":{"$date":"2025-06-18T11:31:23.641Z"},"wx_order_no":"4200002728202506184712274655"}
{"_id":"c0a2d8e46852a880032a2d51396a3691","order_no":"VIP20250618253511","student_id":"65dc6258680cbda601e8d1936924d7d7","open_id":"oP0kH7ALVHTviKW8_-5Gq4RRJaRE","order_type":1,"amount":5000,"status":0,"created_at":{"$date":"2025-06-18T11:52:32.759Z"}}
{"_id":"adea46666852a8c203284fbb6933b745","order_no":"VIP20250618828068","student_id":"65dc6258680cbda601e8d1936924d7d7","open_id":"oP0kH7ALVHTviKW8_-5Gq4RRJaRE","order_type":1,"amount":5000,"status":0,"created_at":{"$date":"2025-06-18T11:53:38.981Z"}}
{"_id":"adea46666852a9950328587222cdc1ce","order_no":"VIP20250618893782","student_id":"65dc6258680cbda601e8d1936924d7d7","open_id":"oP0kH7ALVHTviKW8_-5Gq4RRJaRE","order_type":1,"amount":5000,"status":0,"created_at":{"$date":"2025-06-18T11:57:09.249Z"}}
{"_id":"557814e16852a99c032649b96978115e","order_no":"VIP20250618296467","student_id":"65dc6258680cbda601e8d1936924d7d7","open_id":"oP0kH7ALVHTviKW8_-5Gq4RRJaRE","order_type":1,"amount":5000,"status":0,"created_at":{"$date":"2025-06-18T11:57:16.705Z"}}
{"_id":"614937966852aa8b0326000d51c0edce","order_no":"EXAM1750248075236172","student_id":"65dc6258680cbda601e8d1936924d7d7","order_type":2,"amount":2600,"status":0,"related_exam_id":"f4ec2f0f6852aa8b032cf18042e8ee4c","created_at":{"$date":"2025-06-18T12:01:15.275Z"}}
{"_id":"6c2530cc6852ab4e03278d93785dc1e9","order_no":"EXAM17502482707188051","student_id":"65dc6258680cbda601e8d1936924d7d7","order_type":2,"amount":2600,"status":1,"related_exam_id":"29dca3d56852ab4e0328ec1243a3063d","created_at":{"$date":"2025-06-18T12:04:30.753Z"},"pay_method":"wxpay","pay_time":{"$date":"2025-06-18T12:04:46.033Z"},"wx_order_no":"4200002645202506187519428767"}
{"_id":"29dca3d5685423090349db6652086b34","order_no":"VIP20250619158063","student_id":"82bba809683199570102377a7c55f715","open_id":"oP0kH7K_ubW9lstbA-sCxPOx8oTM","order_type":1,"amount":5000,"status":0,"created_at":{"$date":"2025-06-19T14:47:37.657Z"}}
{"_id":"5377d5c068542336034ed6a429f9eb20","order_no":"VIP20250619477256","student_id":"82bba809683199570102377a7c55f715","open_id":"oP0kH7K_ubW9lstbA-sCxPOx8oTM","order_type":1,"amount":5000,"status":1,"created_at":{"$date":"2025-06-19T14:48:22.733Z"},"pay_method":"wxpay","pay_time":{"$date":"2025-06-19T14:48:50.068Z"},"wx_order_no":"4200002727202506190150758702"}
{"_id":"2ed3518f6854235a034a756003ba6df1","order_no":"EXAM17503445383526155","student_id":"82bba809683199570102377a7c55f715","order_type":2,"amount":320,"status":1,"related_exam_id":"adea46666854235a034aa44f1370780d","created_at":{"$date":"2025-06-19T14:48:58.4Z"},"pay_method":"wxpay","pay_time":{"$date":"2025-06-19T14:49:06.531Z"},"wx_order_no":"4200002642202506195235153899"}
{"_id":"8524406c6855040803603abf1c2fda3e","order_no":"VIP20250620372277","student_id":"65dc6258680dfe5001f67f051f2fe604","open_id":"oP0kH7ODILZX6n043sUmem5xwDKY","order_type":1,"amount":5000,"status":1,"created_at":{"$date":"2025-06-20T06:47:36.342Z"},"pay_method":"wxpay","pay_time":{"$date":"2025-06-20T06:47:46.724Z"},"wx_order_no":"4200002641202506200933917530"}
{"_id":"6149379668550427035874494443f7bb","order_no":"EXAM17504020876484345","student_id":"65dc6258680dfe5001f67f051f2fe604","order_type":2,"amount":360,"status":1,"related_exam_id":"29dca3d56855042703589b1a18c1e0e2","created_at":{"$date":"2025-06-20T06:48:07.689Z"},"pay_method":"wxpay","pay_time":{"$date":"2025-06-20T06:48:16.503Z"},"wx_order_no":"4200002743202506209025308251"}
{"_id":"fbf3bf4368562949036cbdb10104b391","order_no":"VIP20250621378852","student_id":"5377d5c0683a93ca01925f94667a56c2","open_id":"oP0kH7NVkDKvwnFu3MBOu4YjJTmA","order_type":1,"amount":5000,"status":1,"created_at":{"$date":"2025-06-21T03:38:49.173Z"},"pay_method":"wxpay","pay_time":{"$date":"2025-06-21T03:38:56.906Z"},"wx_order_no":"4200002735202506216560958064"}
{"_id":"f4ec2f0f68562959036feb3a4b94c2dc","order_no":"EXAM17504771456129362","student_id":"5377d5c0683a93ca01925f94667a56c2","order_type":2,"amount":320,"status":1,"related_exam_id":"614937966856295903695363697930a4","created_at":{"$date":"2025-06-21T03:39:05.649Z"},"pay_method":"wxpay","pay_time":{"$date":"2025-06-21T03:39:15.866Z"},"wx_order_no":"4200002650202506218731488140"}
{"_id":"d77d384f687e5a6d05da74517f55374e","order_no":"EXAM17531111495966992","student_id":"e23fc3b2680f6d9402024082716505e5","order_type":2,"amount":400,"status":0,"related_exam_id":"82bba809687e5a6d05d2330b06be13ea","created_at":{"$date":"2025-07-21T15:19:09.633Z"}}
