{"_id":"6a580dc967fd5057012152b071fe826b","openid":"oP0kH7NI-GvMtKipM4r_I9PYFH8M","phoneNumber":"18610826428","status":"已处理","createTime":{"$date":"2025-04-14T18:13:43.746Z"},"updateTime":{"$date":"2025-04-26T09:18:39.058Z"}}
{"_id":"9f86c656680ce94501e800a4516dd083","openid":"oP0kH7BAjDbfinid6TwpijyRa1wo","phoneNumber":"15547981623","status":"已处理","createTime":{"$date":"2025-04-26T14:10:13.964Z"},"updateTime":{"$date":"2025-04-26T14:11:31.464Z"}}
{"_id":"dcffa824680ce95301ed1884304c6c59","openid":"oP0kH7BAjDbfinid6TwpijyRa1wo","phoneNumber":"13644796293","status":"已处理","createTime":{"$date":"2025-04-26T14:10:27.472Z"},"updateTime":{"$date":"2025-04-26T14:11:33.124Z"}}
{"_id":"6c670e5d684d322902bffdc80fff154a","openid":"oP0kH7Dly0KaR9d9KE1YwrqYwOoQ","phoneNumber":"13644796725","status":"已拒绝","createTime":{"$date":"2025-06-14T08:26:17.942Z"},"updateTime":{"$date":"2025-06-14T11:03:21.981Z"}}
{"_id":"f4ec2f0f684d41b302ca9dca121d4529","openid":"oP0kH7FJuW_R0o-0FSYZfM9_oHOw","phoneNumber":"13614795685","status":"已拒绝","createTime":{"$date":"2025-06-14T09:32:35.939Z"},"updateTime":{"$date":"2025-06-14T11:03:22.706Z"}}
{"_id":"557814e1684d49b202c4656e62793d82","openid":"oP0kH7JYlbUyf-Uvr-ENW0kY8JAo","phoneNumber":"18747451073","status":"已拒绝","createTime":{"$date":"2025-06-14T10:06:42.678Z"},"updateTime":{"$date":"2025-06-14T11:03:23.256Z"}}
{"_id":"f4ec2f0f684d4af702cb588e0f05efb3","openid":"oP0kH7B4v__59u8qID3cg972-xXY","phoneNumber":"13947982450","status":"已拒绝","createTime":{"$date":"2025-06-14T10:12:07.257Z"},"updateTime":{"$date":"2025-06-14T11:03:24.899Z"}}
{"_id":"e647148e684d4ee102c7ac7d0fa3e740","openid":"oP0kH7Bf9lHP75HZYV4hC7lcDn4o","phoneNumber":"15547936441","status":"已处理","createTime":{"$date":"2025-06-14T10:28:49.222Z"},"updateTime":{"$date":"2025-06-14T10:50:59.258Z"}}
{"_id":"2ed3518f684d56a702c7ca984866c011","openid":"oP0kH7LEB-HacFWUnKNJduJ_JkcM","phoneNumber":"15947091366","status":"已拒绝","createTime":{"$date":"2025-06-14T11:01:59.488Z"},"updateTime":{"$date":"2025-06-14T11:03:24.169Z"}}
{"_id":"61493796684d5fde02c58a40579dd5ad","openid":"oP0kH7FM-RjZSA4dcvIp-g76Ri8M","phoneNumber":"15148609423","status":"待处理","createTime":{"$date":"2025-06-14T11:41:18.436Z"},"updateTime":{"$date":"2025-06-14T11:41:18.436Z"}}
{"_id":"61493796684d71ac02c6a5674db8d4df","openid":"oP0kH7N-pndGU_mAx_mAK0GfiTeM","phoneNumber":"15247108152","status":"待处理","createTime":{"$date":"2025-06-14T12:57:16.896Z"},"updateTime":{"$date":"2025-06-14T12:57:16.896Z"}}
{"_id":"d77d384f684e1a4602d6d03b546f7624","openid":"oP0kH7FLOOQNyvKpalZY1q4ZnqkQ","phoneNumber":"15004792890","status":"待处理","createTime":{"$date":"2025-06-15T00:56:38.215Z"},"updateTime":{"$date":"2025-06-15T00:56:38.215Z"}}
{"_id":"8524406c684e283d02d55dc2001124ed","openid":"oP0kH7Ea19DrggSuFCgQHVzYmlNc","phoneNumber":"15148639823","status":"已拒绝","createTime":{"$date":"2025-06-15T01:56:13.598Z"},"updateTime":{"$date":"2025-06-15T10:14:50.268Z"}}
{"_id":"8524406c684e968f02dcf82802cc3a7b","openid":"oP0kH7JCMKz3mW93nLEAR4dnXaHQ","phoneNumber":"13947962515","status":"已处理","createTime":{"$date":"2025-06-15T09:46:55.301Z"},"updateTime":{"$date":"2025-06-15T10:10:17.551Z"}}
{"_id":"dd1eb2b4684ff90e02f0d6a2072c3455","openid":"oP0kH7PvsQz9a4r3ve8A59QHWHS4","phoneNumber":"15604791938","status":"待处理","createTime":{"$date":"2025-06-16T10:59:26.419Z"},"updateTime":{"$date":"2025-06-16T10:59:26.419Z"}}
{"_id":"ed863e826850f21503014fbf44734886","openid":"oP0kH7DbSCuKNMzeGhh4t4l93SGQ","phoneNumber":"17548964022","status":"待处理","createTime":{"$date":"2025-06-17T04:41:57.804Z"},"updateTime":{"$date":"2025-06-17T04:41:57.804Z"}}
{"_id":"ed863e826850f44903016675382883eb","openid":"oP0kH7IGND5yN3_g7QH7DheaH_Nk","phoneNumber":"15804798555","status":"待处理","createTime":{"$date":"2025-06-17T04:51:21.632Z"},"updateTime":{"$date":"2025-06-17T04:51:21.632Z"}}
{"_id":"486be3ad6852a359032184eb1d0a367b","openid":"oP0kH7ALVHTviKW8_-5Gq4RRJaRE","phoneNumber":"15847978746","status":"待处理","createTime":{"$date":"2025-06-18T11:30:33.748Z"},"updateTime":{"$date":"2025-06-18T11:30:33.748Z"}}
