{"_id":"c42c9d1b680df68801f1654d253b74f1","grade":"黑带一段/品","isActive":true,"name":"奥琦","phoneNumber":"15947091366","status":"正常","updateTime":{"$date":"2025-06-14T11:03:40.885Z"},"_openid":"xBe96-5AupIwrT1iiTtMeg","gradeList":["白带十级","白黄带九级","黄带八级","黄绿带七级","绿带六级","绿蓝带五级","蓝带四级","蓝红带三级","红带二级","红黑带一级","黑带一段/品","黑带二段/品","黑带三段/品"],"idCard":"152529201207300015","joinDate":"2016-10-01","avatar":"cloud://cloud1-6g5xcrtub6610fb6.636c-cloud1-6g5xcrtub6610fb6-1354054349/avatars/1747436888370.jpg","expireDate":"2030-04-01","openid":"oP0kH7BAjDbfinid6TwpijyRa1wo"}
{"_id":"0e7893fb680defed01f3508462436af7","_openid":"xBe96-5AupIwrT1iiTtMeg","grade":"红黑带一级","idCard":"152529201303232112","isActive":true,"joinDate":"2019-03-01","name":"宋子墨","status":"正常","updateTime":{"$date":"2025-04-28T07:53:27.544Z"},"expireDate":"2030-04-01","gradeList":["白带十级","白黄带九级","黄带八级","黄绿带七级","绿带六级","绿蓝带五级","蓝带四级","蓝红带三级","红带二级","红黑带一级","黑带一段/品","黑带二段/品","黑带三段/品"],"phoneNumber":"15247979599","avatar":""}
{"_id":"76c63bbb680cbcd701e3589927691106","_openid":"xBe96-5AupIwrT1iiTtMeg","avatar":"cloud://cloud1-6g5xcrtub6610fb6.636c-cloud1-6g5xcrtub6610fb6-1354054349/avatars/1750058769249.jpg","grade":"红黑带一级","gradeList":["白带十级","白黄带九级","黄带八级","黄绿带七级","绿带六级","绿蓝带五级","蓝带四级","蓝红带三级","红带二级","红黑带一级","黑带一段/品","黑带二段/品","黑带三段/品"],"updateTime":{"$date":"2025-06-16T07:26:15.662Z"},"expireDate":"2030-04-01","idCard":"152529201204010021","isActive":true,"joinDate":"2025-04-26","name":"希如海","phoneNumber":"13848496216","status":"正常","openid":"oP0kH7FFy6INM-WdldIo5oVbtisE"}
{"_id":"2b83cb16680cbd5b01e68b553546571c","expireDate":"2030-05-01","grade":"黑带一段/品","idCard":"152529201402023025","name":"杨佳淼","phoneNumber":"15604791938","_openid":"xBe96-5AupIwrT1iiTtMeg","avatar":"https://636c-cloud1-6g5xcrtub6610fb6-1354054349.tcb.qcloud.la/avatars/1750071753584.jpg","gradeList":["白带十级","白黄带九级","黄带八级","黄绿带七级","绿带六级","绿蓝带五级","蓝带四级","蓝红带三级","红带二级","红黑带一级","黑带一段/品","黑带二段/品","黑带三段/品"],"isActive":true,"joinDate":"2019-06-16","status":"正常","updateTime":{"$date":"2025-07-21T05:19:20.526Z"},"openid":"oP0kH7PvsQz9a4r3ve8A59QHWHS4","isVipPaid":true,"vipPayTime":{"$date":"2025-06-17T04:34:56.805Z"}}
{"_id":"9f86c656680e052101f3ea4533814ce7","_openid":"J6fUocAFfr3dXrG19IA-qg","grade":"红黑带一级","gradeList":["白带十级","白黄带九级","黄带八级","黄绿带七级","绿带六级","绿蓝带五级","蓝带四级","蓝红带三级","红带二级","红黑带一级","黑带一段/品","黑带二段/品","黑带三段/品"],"joinDate":"2025-04-01","phoneNumber":"15148639823","avatar":"https://636c-cloud1-6g5xcrtub6610fb6-1354054349.tcb.qcloud.la/avatars/1749975418264.jpg","expireDate":"2030-04-30","idCard":"152529201211060018","isActive":true,"name":"郝文涛","status":"正常","updateTime":{"$date":"2025-07-21T05:19:27.302Z"},"openid":"oP0kH7Ea19DrggSuFCgQHVzYmlNc","isVipPaid":true,"vipPayTime":{"$date":"2025-06-15T01:56:51.361Z"}}
{"_id":"b7e94e9b680ded3401f605bc2ff4a5e0","expireDate":"2025-07-31","grade":"绿带六级","isActive":true,"joinDate":"2023-10-19","name":"阿斯布日","phoneNumber":"18747977394","status":"正常","avatar":"https://636c-cloud1-6g5xcrtub6610fb6-1354054349.tcb.qcloud.la/avatars/1745913806402.jpg","gradeList":["白带十级","白黄带九级","黄带八级","黄绿带七级","绿带六级","绿蓝带五级","蓝带四级","蓝红带三级","红带二级","红黑带一级","黑带一段/品","黑带二段/品","黑带三段/品"],"idCard":"150122201902090031","updateTime":{"$date":"2025-07-21T05:19:35.472Z"},"_openid":"J6fUocAFfr3dXrG19IA-qg","openid":"oP0kH7NQWRxMwrPNGpkcg-ceG5ng","isVipPaid":true,"vipPayTime":{"$date":"2025-06-16T11:35:48.297Z"}}
{"_id":"5be31a71680de87701f63ed30473c7c6","avatar":"https://636c-cloud1-6g5xcrtub6610fb6-1354054349.tcb.qcloud.la/avatars/1745828866801-tw8inus1s3a.jpg","grade":"黄带八级","isActive":true,"phoneNumber":"18804792260","_openid":"J6fUocAFfr3dXrG19IA-qg","expireDate":"2025-09-01","gradeList":["白带十级","白黄带九级","黄带八级","黄绿带七级","绿带六级","绿蓝带五级","蓝带四级","蓝红带三级","红带二级","红黑带一级","黑带一段/品","黑带二段/品","黑带三段/品"],"idCard":"15252920180103002X","joinDate":"2024-09-01","name":"耿宜格","status":"正常","updateTime":{"$date":"2025-07-21T05:19:41.527Z"},"openid":"oP0kH7Gpj0CF0gZeiQjsMSvUQGeM","isVipPaid":true,"vipPayTime":{"$date":"2025-06-14T07:57:47.531Z"}}
{"_id":"80a8bd4f680dea3b01f3d93f43dc9c49","avatar":"https://636c-cloud1-6g5xcrtub6610fb6-1354054349.tcb.qcloud.la/avatars/1749975296161.jpg","grade":"蓝红带三级","idCard":"152529201704120015","isActive":true,"joinDate":"2020-03-01","_openid":"J6fUocAFfr3dXrG19IA-qg","expireDate":"2026-02-03","gradeList":["白带十级","白黄带九级","黄带八级","黄绿带七级","绿带六级","绿蓝带五级","蓝带四级","蓝红带三级","红带二级","红黑带一级","黑带一段/品","黑带二段/品","黑带三段/品"],"name":"高艺涵","phoneNumber":"18747459175","status":"正常","updateTime":{"$date":"2025-07-21T05:19:47.848Z"},"openid":"oP0kH7JDFkvvTNBZxM0htPOPgJR8","isVipPaid":true,"vipPayTime":{"$date":"2025-06-14T11:34:49.735Z"}}
{"_id":"2b83cb16680cb6de01e648ac7008f339","joinDate":"2025-04-20","name":"王弘毅","phoneNumber":"15004792890","avatar":"https://636c-cloud1-6g5xcrtub6610fb6-1354054349.tcb.qcloud.la/avatars/1745829303219-nyqssby3gne.jpg","expireDate":"2026-01-16","gradeList":["白带十级","白黄带九级","黄带八级","黄绿带七级","绿带六级","绿蓝带五级","蓝带四级","蓝红带三级","红带二级","红黑带一级","黑带一段/品","黑带二段/品","黑带三段/品"],"idCard":"152529201708050018","_openid":"J6fUocAFfr3dXrG19IA-qg","grade":"绿蓝带五级","isActive":true,"status":"正常","updateTime":{"$date":"2025-07-21T05:19:53.338Z"},"openid":"oP0kH7FLOOQNyvKpalZY1q4ZnqkQ","isVipPaid":true,"vipPayTime":{"$date":"2025-06-15T01:02:00.742Z"}}
{"_id":"b7e94e9b680df15701f646c039b3b835","expireDate":"2030-04-01","grade":"蓝红带三级","idCard":"152529201607310036","isActive":true,"joinDate":"2021-05-29","_openid":"J6fUocAFfr3dXrG19IA-qg","avatar":"https://636c-cloud1-6g5xcrtub6610fb6-1354054349.tcb.qcloud.la/avatars/1749889946223.jpg","phoneNumber":"13644796725","updateTime":{"$date":"2025-07-21T05:20:45.245Z"},"gradeList":["白带十级","白黄带九级","黄带八级","黄绿带七级","绿带六级","绿蓝带五级","蓝带四级","蓝红带三级","红带二级","红黑带一级","黑带一段/品","黑带二段/品","黑带三段/品"],"name":"王博洋","status":"正常","openid":"oP0kH7Dly0KaR9d9KE1YwrqYwOoQ","isVipPaid":true,"vipPayTime":{"$date":"2025-06-14T11:53:17.404Z"}}
{"_id":"65dc6258680df57f01f61970629b982f","phoneNumber":"13947910125","_openid":"J6fUocAFfr3dXrG19IA-qg","avatar":"https://636c-cloud1-6g5xcrtub6610fb6-1354054349.tcb.qcloud.la/avatars/1745829428404-ocko2bpi6.jpg","expireDate":"2030-04-01","idCard":"152529201609030054","joinDate":"2023-03-01","name":"刘嘉乐","status":"正常","grade":"绿蓝带五级","gradeList":["白带十级","白黄带九级","黄带八级","黄绿带七级","绿带六级","绿蓝带五级","蓝带四级","蓝红带三级","红带二级","红黑带一级","黑带一段/品","黑带二段/品","黑带三段/品"],"isActive":true,"updateTime":{"$date":"2025-07-21T05:20:50.601Z"},"openid":"oP0kH7IJcOdKZuNRG__K91-bN61c","isVipPaid":true,"vipPayTime":{"$date":"2025-06-15T06:44:24.674Z"}}
{"_id":"b0131947680def2801f87c4959066e00","_openid":"J6fUocAFfr3dXrG19IA-qg","expireDate":"2025-09-01","grade":"蓝红带三级","isActive":true,"name":" 张珩","phoneNumber":"13947923882","updateTime":{"$date":"2025-08-13T11:58:39.187Z"},"avatar":"https://636c-cloud1-6g5xcrtub6610fb6-1354054349.tcb.qcloud.la/avatars/1749954860834.jpg","gradeList":["白带十级","白黄带九级","黄带八级","黄绿带七级","绿带六级","绿蓝带五级","蓝带四级","蓝红带三级","红带二级","红黑带一级","黑带一段/品","黑带二段/品","黑带三段/品"],"idCard":"152529201611220017","joinDate":"2021-09-01","status":"正常","openid":"oP0kH7BAjDbfinid6TwpijyRa1wo","isVipPaid":true,"vipPayTime":{"$date":"2025-06-15T01:40:27.02Z"}}
{"_id":"ed153fc7680ded7e01f0df076626399d","_openid":"J6fUocAFfr3dXrG19IA-qg","isActive":true,"name":" 阿明吉雅","gradeList":["白带十级","白黄带九级","黄带八级","黄绿带七级","绿带六级","绿蓝带五级","蓝带四级","蓝红带三级","红带二级","红黑带一级","黑带一段/品","黑带二段/品","黑带三段/品"],"idCard":"152529201701030014","joinDate":"2022-04-01","phoneNumber":"15847971528","avatar":"https://636c-cloud1-6g5xcrtub6610fb6-1354054349.tcb.qcloud.la/avatars/1745829503284-f93hpl2j7lk.jpg","expireDate":"2026-03-01","grade":"绿蓝带五级","status":"正常","updateTime":{"$date":"2025-07-21T05:21:57.581Z"},"openid":"oP0kH7K9RHPCJW5uS3T_ztDY2Zc8","isVipPaid":true,"vipPayTime":{"$date":"2025-06-15T11:45:42.847Z"}}
{"_id":"0e7893fb680f3fcd02039bfd0880d88c","joinDate":"2025-03-08","phoneNumber":"13848594991","status":"正常","idCard":"152528201507100019","avatar":"https://636c-cloud1-6g5xcrtub6610fb6-1354054349.tcb.qcloud.la/avatars/1750005462501.jpg","createTime":{"$date":"2025-04-28T08:43:57.396Z"},"expireDate":"2026-03-08","grade":"白黄带九级","gradeList":["白带十级","白黄带九级","黄带八级","黄绿带七级","绿带六级","绿蓝带五级","蓝带四级","蓝红带三级","红带二级","红黑带一级","黑带一段/品","黑带二段/品","黑带三段/品"],"isActive":true,"name":" 阿吉泰","_openid":"J6fUocAFfr3dXrG19IA-qg","updateTime":{"$date":"2025-07-21T05:22:02.753Z"},"openid":"oP0kH7DirxFMSH4W_7ZqZA6WF_e8","isVipPaid":true,"vipPayTime":{"$date":"2025-06-15T06:08:36.372Z"}}
{"_id":"b0131947680f406c020835344b511c1b","name":"王煜卿","phoneNumber":"15047930915","updateTime":{"$date":"2025-07-21T05:22:08.945Z"},"_openid":"J6fUocAFfr3dXrG19IA-qg","grade":"白黄带九级","gradeList":["白带十级","白黄带九级","黄带八级","黄绿带七级","绿带六级","绿蓝带五级","蓝带四级","蓝红带三级","红带二级","红黑带一级","黑带一段/品","黑带二段/品","黑带三段/品"],"idCard":"152529202009030012","isActive":true,"joinDate":"2025-03-29","status":"正常","avatar":"https://636c-cloud1-6g5xcrtub6610fb6-1354054349.tcb.qcloud.la/avatars/1750208584992.jpg","createTime":{"$date":"2025-04-28T08:46:36.668Z"},"expireDate":"2026-03-29","openid":"oP0kH7OH6TuwEPprn4e-CpDYWZv4","isVipPaid":true,"vipPayTime":{"$date":"2025-06-16T02:22:46.601Z"}}
{"_id":"5be31a71680df4e801f73cae366a5d37","updateTime":{"$date":"2025-07-21T05:22:14.407Z"},"_openid":"xBe96-5AupIwrT1iiTtMeg","avatar":"https://636c-cloud1-6g5xcrtub6610fb6-1354054349.tcb.qcloud.la/avatars/1745829419488-w56k4q4es4.jpg","expireDate":"2030-04-01","isActive":true,"name":"刘嘉欢","status":"正常","grade":"绿蓝带五级","gradeList":["白带十级","白黄带九级","黄带八级","黄绿带七级","绿带六级","绿蓝带五级","蓝带四级","蓝红带三级","红带二级","红黑带一级","黑带一段/品","黑带二段/品","黑带三段/品"],"idCard":"152529201609030038","joinDate":"2023-03-01","phoneNumber":"15164971225","openid":"oP0kH7IJcOdKZuNRG__K91-bN61c","isVipPaid":true,"vipPayTime":{"$date":"2025-06-15T06:30:38.313Z"}}
{"_id":"e23fc3b2680f400201ff102b20f6f90f","phoneNumber":"15247496474","updateTime":{"$date":"2025-04-28T15:08:23.6Z"},"avatar":"cloud://cloud1-6g5xcrtub6610fb6.636c-cloud1-6g5xcrtub6610fb6-1354054349/avatars/1745857963244-3z0zpf9ouqx.jpg","expireDate":"2030-04-23","gradeList":["白带十级","白黄带九级","黄带八级","黄绿带七级","绿带六级","绿蓝带五级","蓝带四级","蓝红带三级","红带二级","红黑带一级","黑带一段/品","黑带二段/品","黑带三段/品"],"name":"马浩","isActive":true,"joinDate":"2025-04-28","status":"正常","_openid":"sz6l1jo7TM1f54rGMGbOUQ","grade":"黑带一段/品","idCard":"152529201204103016"}
{"_id":"76c63bbb680df49201efe9993bb7ab77","idCard":"152529201706250024","isActive":true,"name":"刘睿坤","status":"正常","avatar":"https://636c-cloud1-6g5xcrtub6610fb6-1354054349.tcb.qcloud.la/avatars/1749954758464.jpg","expireDate":"2030-04-01","grade":"绿带六级","gradeList":["白带十级","白黄带九级","黄带八级","黄绿带七级","绿带六级","绿蓝带五级","蓝带四级","蓝红带三级","红带二级","红黑带一级","黑带一段/品","黑带二段/品","黑带三段/品"],"joinDate":"2023-10-15","phoneNumber":"15148609423","updateTime":{"$date":"2025-07-21T05:22:24.001Z"},"_openid":"J6fUocAFfr3dXrG19IA-qg","openid":"oP0kH7JRV8npaVqyHY5X6eZNQqxw","isVipPaid":true,"vipPayTime":{"$date":"2025-06-14T11:43:57Z"}}
{"_id":"e1cff635680df28501f5d209737cdee8","phoneNumber":"19815741386","status":"正常","updateTime":{"$date":"2025-07-23T02:17:55.085Z"},"_openid":"J6fUocAFfr3dXrG19IA-qg","gradeList":["白带十级","白黄带九级","黄带八级","黄绿带七级","绿带六级","绿蓝带五级","蓝带四级","蓝红带三级","红带二级","红黑带一级","黑带一段/品","黑带二段/品","黑带三段/品"],"idCard":"152529202012300028","name":"田轶","avatar":"https://636c-cloud1-6g5xcrtub6610fb6-1354054349.tcb.qcloud.la/avatars/1749960201131.jpg","expireDate":"2025-09-08","grade":"白黄带九级","isActive":true,"joinDate":"2025-03-08","isVipPaid":true,"vipPayTime":{"$date":"2025-06-16T07:40:41.618Z"},"openid":"oP0kH7Pl0M-1seGx6L8B_q2QpqDM"}
{"_id":"65dc6258680dfe5001f67f051f2fe604","idCard":"152529201609020032","status":"正常","expireDate":"2025-08-21","grade":"黄带八级","gradeList":["白带十级","白黄带九级","黄带八级","黄绿带七级","绿带六级","绿蓝带五级","蓝带四级","蓝红带三级","红带二级","红黑带一级","黑带一段/品","黑带二段/品","黑带三段/品"],"isActive":true,"joinDate":"2024-10-20","name":"徐浩然","phoneNumber":"15047976556","_openid":"J6fUocAFfr3dXrG19IA-qg","avatar":"https://636c-cloud1-6g5xcrtub6610fb6-1354054349.tcb.qcloud.la/avatars/1745912996769.jpg","updateTime":{"$date":"2025-07-21T05:22:33.825Z"},"isVipPaid":true,"vipPayTime":{"$date":"2025-06-20T06:47:46.848Z"}}
{"_id":"0e7893fb680cbd1101e6f1c4108d3dae","idCard":"152529201311252121","status":"正常","updateTime":{"$date":"2025-05-30T13:28:09.805Z"},"avatar":"cloud://cloud1-6g5xcrtub6610fb6.636c-cloud1-6g5xcrtub6610fb6-1354054349/avatars/1745915527807-17759lillkq.jpg","expireDate":"2030-04-01","grade":"黑带一段/品","name":"姚雨涵","phoneNumber":"18247985990","_openid":"J6fUocAFfr3dXrG19IA-qg","gradeList":["白带十级","白黄带九级","黄带八级","黄绿带七级","绿带六级","绿蓝带五级","蓝带四级","蓝红带三级","红带二级","红黑带一级","黑带一段/品","黑带二段/品","黑带三段/品"],"isActive":true,"joinDate":"2018-08-01","openid":"oP0kH7JpuPN59bKuFTFjAyNtjOBk"}
{"_id":"c42c9d1b680dfe0d01f1bae96c1118cd","_openid":"J6fUocAFfr3dXrG19IA-qg","gradeList":["白带十级","白黄带九级","黄带八级","黄绿带七级","绿带六级","绿蓝带五级","蓝带四级","蓝红带三级","红带二级","红黑带一级","黑带一段/品","黑带二段/品","黑带三段/品"],"idCard":"152529201911290033","joinDate":"2025-03-31","phoneNumber":"15547936441","status":"正常","updateTime":{"$date":"2025-07-21T05:22:41.85Z"},"avatar":"https://636c-cloud1-6g5xcrtub6610fb6-1354054349.tcb.qcloud.la/avatars/1749954840858.jpg","expireDate":"2026-03-31","grade":"白黄带九级","isActive":true,"name":"吴子阳","openid":"oP0kH7Bf9lHP75HZYV4hC7lcDn4o","isVipPaid":true,"vipPayTime":{"$date":"2025-06-14T10:29:11.979Z"}}
{"_id":"65dc6258680cbda601e8d1936924d7d7","phoneNumber":"15847978746","_openid":"J6fUocAFfr3dXrG19IA-qg","expireDate":"2030-04-01","gradeList":["白带十级","白黄带九级","黄带八级","黄绿带七级","绿带六级","绿蓝带五级","蓝带四级","蓝红带三级","红带二级","红黑带一级","黑带一段/品","黑带二段/品","黑带三段/品"],"idCard":"152529201412100020","isActive":true,"joinDate":"2025-04-26","updateTime":{"$date":"2025-07-21T05:22:55.666Z"},"avatar":"https://636c-cloud1-6g5xcrtub6610fb6-1354054349.tcb.qcloud.la/avatars/1745728797825.jpg","grade":"黑带一段/品","name":"冯娅桐","status":"正常","openid":"oP0kH7BAjDbfinid6TwpijyRa1wo","isVipPaid":true,"vipPayTime":{"$date":"2025-06-18T11:31:21Z"}}
{"_id":"2b83cb16680deea001f2caeb60bd9273","grade":"黑带一段/品","gradeList":["白带十级","白黄带九级","黄带八级","黄绿带七级","绿带六级","绿蓝带五级","蓝带四级","蓝红带三级","红带二级","红黑带一级","黑带一段/品","黑带二段/品","黑带三段/品"],"joinDate":"2019-04-01","name":"秦毅","_openid":"J6fUocAFfr3dXrG19IA-qg","avatar":"https://636c-cloud1-6g5xcrtub6610fb6-1354054349.tcb.qcloud.la/avatars/1745829385834-aetzp8o4cz.jpg","expireDate":"2030-04-01","idCard":"152529201412080015","isActive":true,"phoneNumber":"18648049766","status":"正常","updateTime":{"$date":"2025-05-09T02:01:10.34Z"}}
{"_id":"d33be422680dee0401f32aee3335658b","_openid":"J6fUocAFfr3dXrG19IA-qg","avatar":"https://636c-cloud1-6g5xcrtub6610fb6-1354054349.tcb.qcloud.la/avatars/1745829527219-tb1efpwkev.jpg","isActive":true,"joinDate":"2024-04-13","name":"胡斯乐夫","phoneNumber":"13190664400","expireDate":"2026-04-13","grade":"黄绿带七级","gradeList":["白带十级","白黄带九级","黄带八级","黄绿带七级","绿带六级","绿蓝带五级","蓝带四级","蓝红带三级","红带二级","红黑带一级","黑带一段/品","黑带二段/品","黑带三段/品"],"idCard":"152529201906200099","status":"正常","updateTime":{"$date":"2025-07-21T05:23:01.494Z"},"isVipPaid":true,"vipPayTime":{"$date":"2025-06-14T10:02:42.112Z"}}
{"_id":"dcffa824680dec8401f812be5cdaa3f4","updateTime":{"$date":"2025-06-14T09:28:02.476Z"},"_openid":"J6fUocAFfr3dXrG19IA-qg","expireDate":"2030-04-01","idCard":"152529201208030010","status":"正常","isActive":true,"joinDate":"2012-04-01","name":"陶日浓","phoneNumber":"15047953311","avatar":"https://636c-cloud1-6g5xcrtub6610fb6-1354054349.tcb.qcloud.la/avatars/1745908518077-cx6ku3n9by.jpg","grade":"黑带一段/品","gradeList":["白带十级","白黄带九级","黄带八级","黄绿带七级","绿带六级","绿蓝带五级","蓝带四级","蓝红带三级","红带二级","红黑带一级","黑带一段/品","黑带二段/品","黑带三段/品"],"openid":"oP0kH7DDv29qRIIpZaHlpPcOBB7A","isVipPaid":true,"vipPayTime":{"$date":"2025-06-14T11:46:22.525Z"}}
{"_id":"a6ec3048680df42001f4b875197b3e83","isActive":true,"joinDate":"2023-03-01","name":"阿如日","phoneNumber":"18747953111","updateTime":{"$date":"2025-07-21T05:23:09.982Z"},"_openid":"J6fUocAFfr3dXrG19IA-qg","avatar":"https://636c-cloud1-6g5xcrtub6610fb6-1354054349.tcb.qcloud.la/avatars/1745908545820.jpg","grade":"黄绿带七级","gradeList":["白带十级","白黄带九级","黄带八级","黄绿带七级","绿带六级","绿蓝带五级","蓝带四级","蓝红带三级","红带二级","红黑带一级","黑带一段/品","黑带二段/品","黑带三段/品"],"idCard":"152529201609130012","status":"正常","expireDate":"2025-11-01","isVipPaid":true,"vipPayTime":{"$date":"2025-06-14T09:55:07.463Z"},"openid":"oP0kH7BAjDbfinid6TwpijyRa1wo"}
{"_id":"b7e94e9b680e039301f7436258ff2ea0","status":"已过期","expireDate":"2024-04-01","isActive":true,"joinDate":"2020-04-01","idCard":"152528201312100019","name":"包奥琦","phoneNumber":"15904795517","updateTime":{"$date":"2025-06-15T06:56:35.15Z"},"_openid":"J6fUocAFfr3dXrG19IA-qg","avatar":"","grade":"绿带六级","gradeList":["白带十级","白黄带九级","黄带八级","黄绿带七级","绿带六级","绿蓝带五级","蓝带四级","蓝红带三级","红带二级","红黑带一级","黑带一段/品","黑带二段/品","黑带三段/品"],"openid":"oP0kH7MFoq9ypbDjzr0PY2zPP83Y"}
{"_id":"d33be422680df13001f36a6c07db2c8f","avatar":"https://636c-cloud1-6g5xcrtub6610fb6-1354054349.tcb.qcloud.la/avatars/1749970582693.jpg","gradeList":["白带十级","白黄带九级","黄带八级","黄绿带七级","绿带六级","绿蓝带五级","蓝带四级","蓝红带三级","红带二级","红黑带一级","黑带一段/品","黑带二段/品","黑带三段/品"],"idCard":"152529201712180034","isActive":true,"joinDate":"2024-04-12","name":"马子阳","phoneNumber":"15147966050","_openid":"J6fUocAFfr3dXrG19IA-qg","status":"正常","expireDate":"2026-08-10","grade":"黄带八级","updateTime":{"$date":"2025-07-25T06:16:07.023Z"},"openid":"oP0kH7EQZzV0RFTn40x0D4etsi2Q","isVipPaid":true,"vipPayTime":{"$date":"2025-06-15T06:50:33.42Z"}}
{"_id":"b0131947680df74f01f8f0c85b436631","status":"正常","avatar":"https://636c-cloud1-6g5xcrtub6610fb6-1354054349.tcb.qcloud.la/avatars/1749914538816.jpg","grade":"黄带八级","idCard":"152529202005130016","joinDate":"2024-09-01","phoneNumber":"15247979665","name":"张莅珩","updateTime":{"$date":"2025-07-21T05:24:13.329Z"},"_openid":"J6fUocAFfr3dXrG19IA-qg","expireDate":"2040-04-01","gradeList":["白带十级","白黄带九级","黄带八级","黄绿带七级","绿带六级","绿蓝带五级","蓝带四级","蓝红带三级","红带二级","红黑带一级","黑带一段/品","黑带二段/品","黑带三段/品"],"isActive":true,"isVipPaid":true,"vipPayTime":{"$date":"2025-06-14T15:23:14.401Z"}}
{"_id":"b7e94e9b680dff0401f6f66d21b19352","_openid":"J6fUocAFfr3dXrG19IA-qg","avatar":"https://636c-cloud1-6g5xcrtub6610fb6-1354054349.tcb.qcloud.la/avatars/1750124565460.jpg","expireDate":"2025-10-07","gradeList":["白带十级","白黄带九级","黄带八级","黄绿带七级","绿带六级","绿蓝带五级","蓝带四级","蓝红带三级","红带二级","红黑带一级","黑带一段/品","黑带二段/品","黑带三段/品"],"idCard":"152528201803170011","isActive":true,"name":"包悉迪","status":"正常","updateTime":{"$date":"2025-07-21T05:24:29.532Z"},"grade":"黄带八级","joinDate":"2024-04-01","phoneNumber":"15048915022","openid":"oP0kH7MFoq9ypbDjzr0PY2zPP83Y","isVipPaid":true,"vipPayTime":{"$date":"2025-06-15T07:01:42.267Z"}}
{"_id":"dcffa824680dec2e01f809d32094ce33","expireDate":"2030-04-01","grade":"白黄带九级","idCard":"152529202103260025","joinDate":"2025-03-03","name":"高艺芮","phoneNumber":"13514796543","_openid":"J6fUocAFfr3dXrG19IA-qg","status":"正常","updateTime":{"$date":"2025-07-21T05:24:57.028Z"},"isActive":true,"avatar":"https://636c-cloud1-6g5xcrtub6610fb6-1354054349.tcb.qcloud.la/avatars/1749957704223.jpg","gradeList":["白带十级","白黄带九级","黄带八级","黄绿带七级","绿带六级","绿蓝带五级","蓝带四级","蓝红带三级","红带二级","红黑带一级","黑带一段/品","黑带二段/品","黑带三段/品"],"openid":"oP0kH7JDFkvvTNBZxM0htPOPgJR8","isVipPaid":true,"vipPayTime":{"$date":"2025-06-14T11:34:20.418Z"}}
{"_id":"0e7893fb680de2d601f290e808148faa","expireDate":"2026-03-01","grade":"白黄带九级","gradeList":["白带十级","白黄带九级","黄带八级","黄绿带七级","绿带六级","绿蓝带五级","蓝带四级","蓝红带三级","红带二级","红黑带一级","黑带一段/品","黑带二段/品","黑带三段/品"],"name":"艾依斯","phoneNumber":"15847984417","_openid":"J6fUocAFfr3dXrG19IA-qg","avatar":"https://636c-cloud1-6g5xcrtub6610fb6-1354054349.tcb.qcloud.la/avatars/1749965575645.jpg","idCard":"152502202012080029","isActive":true,"joinDate":"2025-03-01","status":"正常","updateTime":{"$date":"2025-07-21T05:25:04.339Z"},"openid":"oP0kH7G1v1uUyzle3lF_44vPQDnE","isVipPaid":true,"vipPayTime":{"$date":"2025-06-15T01:33:10.586Z"}}
{"_id":"1b9686ec680de46101f344106d39f50b","_openid":"J6fUocAFfr3dXrG19IA-qg","grade":"白黄带九级","idCard":"152529202008080026","isActive":true,"name":"张佳禾","phoneNumber":"18747451073","status":"正常","avatar":"https://636c-cloud1-6g5xcrtub6610fb6-1354054349.tcb.qcloud.la/avatars/1749958261900.jpg","expireDate":"2026-03-01","gradeList":["白带十级","白黄带九级","黄带八级","黄绿带七级","绿带六级","绿蓝带五级","蓝带四级","蓝红带三级","红带二级","红黑带一级","黑带一段/品","黑带二段/品","黑带三段/品"],"joinDate":"2025-03-01","updateTime":{"$date":"2025-07-21T05:25:10.784Z"},"openid":"oP0kH7BAjDbfinid6TwpijyRa1wo","isVipPaid":true,"vipPayTime":{"$date":"2025-06-15T02:44:39.388Z"}}
{"_id":"80a8bd4f680de73001f39f7a60b6e6f4","updateTime":{"$date":"2025-07-21T05:25:17.735Z"},"_openid":"J6fUocAFfr3dXrG19IA-qg","avatar":"https://636c-cloud1-6g5xcrtub6610fb6-1354054349.tcb.qcloud.la/avatars/1749955916635.jpg","expireDate":"2026-06-10","joinDate":"2023-06-01","phoneNumber":"15047980554","grade":"绿带六级","gradeList":["白带十级","白黄带九级","黄带八级","黄绿带七级","绿带六级","绿蓝带五级","蓝带四级","蓝红带三级","红带二级","红黑带一级","黑带一段/品","黑带二段/品","黑带三段/品"],"idCard":"152529201805170011","isActive":true,"name":"郑匀谦","status":"正常","openid":"oP0kH7LO4FD7CxNCp1CwOljZLb3Y","isVipPaid":true,"vipPayTime":{"$date":"2025-06-17T05:07:28.362Z"}}
{"_id":"5be31a71680de9e701f653af7b7c061c","grade":"黄带八级","idCard":"361028201908072515","isActive":true,"status":"正常","_openid":"J6fUocAFfr3dXrG19IA-qg","avatar":"https://636c-cloud1-6g5xcrtub6610fb6-1354054349.tcb.qcloud.la/avatars/1749969909549.jpg","expireDate":"2025-11-09","updateTime":{"$date":"2025-07-21T05:25:23.121Z"},"gradeList":["白带十级","白黄带九级","黄带八级","黄绿带七级","绿带六级","绿蓝带五级","蓝带四级","蓝红带三级","红带二级","红黑带一级","黑带一段/品","黑带二段/品","黑带三段/品"],"joinDate":"2024-11-09","name":"刘可俊","phoneNumber":"18279479837","openid":"oP0kH7BAjDbfinid6TwpijyRa1wo","isVipPaid":true,"vipPayTime":{"$date":"2025-06-14T11:25:18.674Z"}}
{"_id":"a6ec3048680dece401f43ebc3c66a588","isActive":true,"status":"正常","avatar":"https://636c-cloud1-6g5xcrtub6610fb6-1354054349.tcb.qcloud.la/avatars/1749906207739.jpg","idCard":"152529201907040015","expireDate":"2026-07-01","grade":"黄绿带七级","gradeList":["白带十级","白黄带九级","黄带八级","黄绿带七级","绿带六级","绿蓝带五级","蓝带四级","蓝红带三级","红带二级","红黑带一级","黑带一段/品","黑带二段/品","黑带三段/品"],"joinDate":"2023-07-01","name":"张皓迪","phoneNumber":"15247108152","_openid":"J6fUocAFfr3dXrG19IA-qg","updateTime":{"$date":"2025-07-21T05:25:43.661Z"},"isVipPaid":true,"vipPayTime":{"$date":"2025-06-14T13:05:16.022Z"}}
{"_id":"9f86c656680dee7501f2a66800f343b3","gradeList":["白带十级","白黄带九级","黄带八级","黄绿带七级","绿带六级","绿蓝带五级","蓝带四级","蓝红带三级","红带二级","红黑带一级","黑带一段/品","黑带二段/品","黑带三段/品"],"phoneNumber":"13947933307","updateTime":{"$date":"2025-07-21T05:25:50.747Z"},"avatar":"https://636c-cloud1-6g5xcrtub6610fb6-1354054349.tcb.qcloud.la/avatars/1749952724296.jpg","grade":"红带二级","expireDate":"2030-04-01","idCard":"152529201309050918","isActive":true,"joinDate":"2019-05-01","name":"阿纳尔","status":"正常","_openid":"J6fUocAFfr3dXrG19IA-qg","openid":"oP0kH7Pn-yakQr7MH-P5zeJ9M2No","isVipPaid":true,"vipPayTime":{"$date":"2025-06-15T01:42:20.412Z"}}
{"_id":"b0131947680df45901f8d0cb13ea8d8b","gradeList":["白带十级","白黄带九级","黄带八级","黄绿带七级","绿带六级","绿蓝带五级","蓝带四级","蓝红带三级","红带二级","红黑带一级","黑带一段/品","黑带二段/品","黑带三段/品"],"phoneNumber":"15047913511","updateTime":{"$date":"2025-07-21T05:25:58.719Z"},"avatar":"https://636c-cloud1-6g5xcrtub6610fb6-1354054349.tcb.qcloud.la/avatars/1751957565223.jpg","expireDate":"2026-01-09","isActive":true,"joinDate":"2024-11-01","name":"石家铭","status":"正常","_openid":"J6fUocAFfr3dXrG19IA-qg","grade":"白黄带九级","idCard":"152529201911290017","isVipPaid":true,"vipPayTime":{"$date":"2025-06-14T11:38:56.193Z"},"openid":"oP0kH7CeYmV_CgTBAWEeh0xHvbdE"}
{"_id":"ed153fc7680deb4601f0a45b2cbd2d90","isActive":true,"joinDate":"2015-04-01","status":"正常","updateTime":{"$date":"2025-05-10T01:01:32.689Z"},"_openid":"J6fUocAFfr3dXrG19IA-qg","expireDate":"2030-04-01","grade":"黑带一段/品","idCard":"15252920080723132X","phoneNumber":"15547958325","avatar":"","gradeList":["白带十级","白黄带九级","黄带八级","黄绿带七级","绿带六级","绿蓝带五级","蓝带四级","蓝红带三级","红带二级","红黑带一级","黑带一段/品","黑带二段/品","黑带三段/品"],"name":"周奥妮"}
{"_id":"1b9686ec680deef201f3da3569866c8b","_openid":"J6fUocAFfr3dXrG19IA-qg","idCard":"152529201707030023","isActive":true,"joinDate":"2023-04-01","name":"孙诗雨","status":"正常","updateTime":{"$date":"2025-07-21T05:26:16.93Z"},"avatar":"https://636c-cloud1-6g5xcrtub6610fb6-1354054349.tcb.qcloud.la/avatars/1749990815084.jpg","expireDate":"2025-11-26","grade":"黄绿带七级","gradeList":["白带十级","白黄带九级","黄带八级","黄绿带七级","绿带六级","绿蓝带五级","蓝带四级","蓝红带三级","红带二级","红黑带一级","黑带一段/品","黑带二段/品","黑带三段/品"],"phoneNumber":"15047911466","openid":"oP0kH7BEAWfoYI7LLGwGebSSYwpg","isVipPaid":true,"vipPayTime":{"$date":"2025-06-15T12:28:07.425Z"}}
{"_id":"2b83cb16680df09101f2f8eb0afc1711","expireDate":"2026-03-01","grade":"绿蓝带五级","gradeList":["白带十级","白黄带九级","黄带八级","黄绿带七级","绿带六级","绿蓝带五级","蓝带四级","蓝红带三级","红带二级","红黑带一级","黑带一段/品","黑带二段/品","黑带三段/品"],"phoneNumber":"13947969004","name":"阿木尔骏","status":"正常","_openid":"J6fUocAFfr3dXrG19IA-qg","avatar":"https://636c-cloud1-6g5xcrtub6610fb6-1354054349.tcb.qcloud.la/avatars/1749897755541.jpg","idCard":"152529201309171111","isActive":true,"joinDate":"2018-03-01","updateTime":{"$date":"2025-07-21T05:26:21.745Z"},"openid":"oP0kH7MoxEMBjarIlWtsj9QXAikg","isVipPaid":true,"vipPayTime":{"$date":"2025-06-14T10:26:44.475Z"}}
{"_id":"c42c9d1b680df10001f113c307ed1185","_openid":"J6fUocAFfr3dXrG19IA-qg","avatar":"https://636c-cloud1-6g5xcrtub6610fb6-1354054349.tcb.qcloud.la/avatars/1749979950927.jpg","grade":"白黄带九级","gradeList":["白带十级","白黄带九级","黄带八级","黄绿带七级","绿带六级","绿蓝带五级","蓝带四级","蓝红带三级","红带二级","红黑带一级","黑带一段/品","黑带二段/品","黑带三段/品"],"idCard":"152529202008270030","isActive":true,"joinDate":"2025-03-22","updateTime":{"$date":"2025-07-21T05:26:27.653Z"},"expireDate":"2026-03-22","name":" 庞嘉言","phoneNumber":"15847958859","status":"正常","openid":"oP0kH7N6skyUCOhgZTPSLZa5-nGw","isVipPaid":true,"vipPayTime":{"$date":"2025-06-14T11:43:53.922Z"}}
{"_id":"c42c9d1b681eed5402bf64fd14111c53","isActive":true,"name":"锁日和塔尼","phoneNumber":"13848496989","avatar":"https://636c-cloud1-6g5xcrtub6610fb6-1354054349.tcb.qcloud.la/avatars/1749987660523.jpg","expireDate":"2025-07-31","gradeList":["白带十级","白黄带九级","黄带八级","黄绿带七级","绿带六级","绿蓝带五级","蓝带四级","蓝红带三级","红带二级","红黑带一级","黑带一段/品","黑带二段/品","黑带三段/品"],"idCard":"152529201506030027","status":"正常","updateTime":{"$date":"2025-06-28T11:01:45.281Z"},"_openid":"J6fUocAFfr3dXrG19IA-qg","createTime":{"$date":"2025-05-10T06:08:20.782Z"},"grade":"白带十级","joinDate":"2025-03-01","openid":"oP0kH7I1r1_NRtszRQliMORdPC8E","isVipPaid":true,"vipPayTime":{"$date":"2025-06-15T10:13:50.087Z"}}
{"_id":"c611b94668288d7c00765d0820ab22fa","_openid":"J6fUocAFfr3dXrG19IA-qg","joinDate":"2025-05-17","name":"王玥","phoneNumber":"15249527035","updateTime":{"$date":"2025-07-21T05:26:33.573Z"},"status":"正常","avatar":"https://636c-cloud1-6g5xcrtub6610fb6-1354054349.tcb.qcloud.la/avatars/1747488157513-vufnjjs34ng.jpg","expireDate":"2026-05-17","grade":"白黄带九级","gradeList":["白带十级","白黄带九级","黄带八级","黄绿带七级","绿带六级","绿蓝带五级","蓝带四级","蓝红带三级","红带二级","红黑带一级","黑带一段/品","黑带二段/品","黑带三段/品"],"idCard":"152529202010090020","isActive":true,"openid":"oP0kH7D1uplSo0HglEZgPmQJCdak","isVipPaid":true,"vipPayTime":{"$date":"2025-06-15T02:50:19.136Z"}}
{"_id":"0e7893fb680de6e801f2bde8248cb052","status":"正常","avatar":"https://636c-cloud1-6g5xcrtub6610fb6-1354054349.tcb.qcloud.la/avatars/1749888497328.jpg","expireDate":"2026-07-21","grade":"黄绿带七级","gradeList":["白带十级","白黄带九级","黄带八级","黄绿带七级","绿带六级","绿蓝带五级","蓝带四级","蓝红带三级","红带二级","红黑带一级","黑带一段/品","黑带二段/品","黑带三段/品"],"joinDate":"2024-03-01","name":" 王珞琂","_openid":"J6fUocAFfr3dXrG19IA-qg","idCard":"152529201611190014","isActive":true,"phoneNumber":"15004794400","updateTime":{"$date":"2025-07-21T05:26:38.675Z"},"openid":"oP0kH7E9ApV5cyJ2UVYrtO-_oLTc","isVipPaid":true,"vipPayTime":{"$date":"2025-06-14T08:05:12.495Z"}}
{"_id":"65dc6258680df7b501f631126d373fe2","expireDate":"2025-05-16","grade":"绿带六级","gradeList":["白带十级","白黄带九级","黄带八级","黄绿带七级","绿带六级","绿蓝带五级","蓝带四级","蓝红带三级","红带二级","红黑带一级","黑带一段/品","黑带二段/品","黑带三段/品"],"idCard":"152529201801190015","isActive":true,"name":" 孙睿阳","avatar":"","phoneNumber":"15249582793","updateTime":{"$date":"2025-05-19T11:26:59.331Z"},"status":"已过期","_openid":"J6fUocAFfr3dXrG19IA-qg","joinDate":"2021-03-01"}
{"_id":"073a77ac680debf801f43ab72ce19733","avatar":"https://636c-cloud1-6g5xcrtub6610fb6-1354054349.tcb.qcloud.la/avatars/1750082819699.jpg","expireDate":"2026-05-10","gradeList":["白带十级","白黄带九级","黄带八级","黄绿带七级","绿带六级","绿蓝带五级","蓝带四级","蓝红带三级","红带二级","红黑带一级","黑带一段/品","黑带二段/品","黑带三段/品"],"idCard":"152529201803120010","updateTime":{"$date":"2025-07-21T05:26:47.629Z"},"_openid":"J6fUocAFfr3dXrG19IA-qg","grade":"绿蓝带五级","isActive":true,"joinDate":"2024-04-01","name":" 许博超","phoneNumber":"14747919919","status":"正常","openid":"oP0kH7DfRimZQFqB4Cc9PHkxQbnY","isVipPaid":true,"vipPayTime":{"$date":"2025-06-16T14:05:34.296Z"}}
{"_id":"eea1754d6830206700e97976358a7c0a","createTime":{"$date":"2025-05-23T07:14:47.535Z"},"expireDate":"2026-05-23","gradeList":["白带十级","白黄带九级","黄带八级","黄绿带七级","绿带六级","绿蓝带五级","蓝带四级","蓝红带三级","红带二级","红黑带一级","黑带一段/品","黑带二段/品","黑带三段/品"],"isActive":true,"name":" 张广","phoneNumber":"13614795685","status":"正常","_openid":"J6fUocAFfr3dXrG19IA-qg","avatar":"https://636c-cloud1-6g5xcrtub6610fb6-1354054349.tcb.qcloud.la/avatars/1749962305492.jpg","grade":"绿蓝带五级","idCard":"152529201611240018","joinDate":"2021-05-01","updateTime":{"$date":"2025-07-21T05:27:33.663Z"},"openid":"oP0kH7FJuW_R0o-0FSYZfM9_oHOw","isVipPaid":true,"vipPayTime":{"$date":"2025-06-15T04:37:52.266Z"}}
{"_id":"a6ec3048680de69201f3e09d6a6d3645","isActive":true,"joinDate":"2023-03-01","status":"正常","updateTime":{"$date":"2025-07-21T05:27:43.308Z"},"grade":"绿蓝带五级","gradeList":["白带十级","白黄带九级","黄带八级","黄绿带七级","绿带六级","绿蓝带五级","蓝带四级","蓝红带三级","红带二级","红黑带一级","黑带一段/品","黑带二段/品","黑带三段/品"],"idCard":"152529201810200019","phoneNumber":"15847911225","_openid":"J6fUocAFfr3dXrG19IA-qg","avatar":"https://636c-cloud1-6g5xcrtub6610fb6-1354054349.tcb.qcloud.la/avatars/1747988068812-s1jpe7eps0q.jpg","expireDate":"2025-12-31","name":"王沐","openid":"oP0kH7Jabg_9SAprQ_ywOT-Fb09o","isVipPaid":true,"vipPayTime":{"$date":"2025-06-17T08:19:04.15Z"}}
{"_id":"82bba809683199570102377a7c55f715","status":"正常","_openid":"J6fUocAFfr3dXrG19IA-qg","avatar":"https://636c-cloud1-6g5xcrtub6610fb6-1354054349.tcb.qcloud.la/avatars/1750344493622.jpg","createTime":{"$date":"2025-05-24T10:03:03.263Z"},"grade":"白黄带九级","gradeList":["白带十级","白黄带九级","黄带八级","黄绿带七级","绿带六级","绿蓝带五级","蓝带四级","蓝红带三级","红带二级","红黑带一级","黑带一段/品","黑带二段/品","黑带三段/品"],"isActive":true,"joinDate":"2025-05-24","expireDate":"2025-11-24","idCard":"152529202008180035","name":"刘禹昊","phoneNumber":"15249555618","updateTime":{"$date":"2025-07-21T05:27:48.923Z"},"openid":"oP0kH7E_HvtPNK5EmiJK3At6CJNM","isVipPaid":true,"vipPayTime":{"$date":"2025-06-19T14:48:50.159Z"}}
{"_id":"9f86c65668107742021138cc110b386b","avatar":"https://636c-cloud1-6g5xcrtub6610fb6-1354054349.tcb.qcloud.la/avatars/1750083221265.jpg","expireDate":"2026-04-26","idCard":"15043020170204036X","isActive":true,"name":" 刘佳音","updateTime":{"$date":"2025-07-21T05:27:53.969Z"},"_openid":"J6fUocAFfr3dXrG19IA-qg","grade":"黄绿带七级","gradeList":["白带十级","白黄带九级","黄带八级","黄绿带七级","绿带六级","绿蓝带五级","蓝带四级","蓝红带三级","红带二级","红黑带一级","黑带一段/品","黑带二段/品","黑带三段/品"],"joinDate":"2024-04-26","phoneNumber":"15147169332","status":"正常","openid":"oP0kH7MwUeYjmy6nkujtB25trCU8","isVipPaid":true,"vipPayTime":{"$date":"2025-06-15T07:04:54.292Z"}}
{"_id":"ed153fc7680deb1801f0a2e6514d91ea","avatar":"https://636c-cloud1-6g5xcrtub6610fb6-1354054349.tcb.qcloud.la/avatars/1745908357707.jpg","grade":"黄绿带七级","idCard":"152527201704240030","joinDate":"2024-05-20","name":"陈奕铭","status":"正常","_openid":"J6fUocAFfr3dXrG19IA-qg","updateTime":{"$date":"2025-07-21T05:28:00.74Z"},"isActive":true,"phoneNumber":"15247903669","expireDate":"2026-06-20","gradeList":["白带十级","白黄带九级","黄带八级","黄绿带七级","绿带六级","绿蓝带五级","蓝带四级","蓝红带三级","红带二级","红黑带一级","黑带一段/品","黑带二段/品","黑带三段/品"],"openid":"oP0kH7E9ApV5cyJ2UVYrtO-_oLTc","isVipPaid":true,"vipPayTime":{"$date":"2025-06-14T08:33:02.35Z"}}
{"_id":"5377d5c0683a93ca01925f94667a56c2","status":"正常","avatar":"https://636c-cloud1-6g5xcrtub6610fb6-1354054349.tcb.qcloud.la/avatars/1750477123370.jpg","grade":"白黄带九级","gradeList":["白带十级","白黄带九级","黄带八级","黄绿带七级","绿带六级","绿蓝带五级","蓝带四级","蓝红带三级","红带二级","红黑带一级","黑带一段/品","黑带二段/品","黑带三段/品"],"idCard":"152529202004230023","phoneNumber":"15947197603","name":" 郝馨","updateTime":{"$date":"2025-07-25T06:15:40.161Z"},"_openid":"J6fUocAFfr3dXrG19IA-qg","createTime":{"$date":"2025-05-31T05:29:46.463Z"},"expireDate":"2026-07-31","isActive":true,"joinDate":"2025-05-31","openid":"oP0kH7NVkDKvwnFu3MBOu4YjJTmA","isVipPaid":true,"vipPayTime":{"$date":"2025-06-21T03:38:57.05Z"}}
{"_id":"eea1754d683a973001905ed7140c34d1","phoneNumber":"15249527131","expireDate":"2025-07-31","grade":"白带十级","joinDate":"2025-05-31","name":"刘颜可","idCard":"152529198712190027","isActive":true,"status":"正常","updateTime":{"$date":"2025-05-31T05:59:24.119Z"},"_openid":"J6fUocAFfr3dXrG19IA-qg","avatar":"","createTime":{"$date":"2025-05-31T05:44:16.674Z"},"gradeList":["白带十级","白黄带九级","黄带八级","黄绿带七级","绿带六级","绿蓝带五级","蓝带四级","蓝红带三级","红带二级","红黑带一级","黑带一段/品","黑带二段/品","黑带三段/品"],"openid":"oP0kH7NI-GvMtKipM4r_I9PYFH8M"}
{"_id":"fbf3bf43683bd16001a0b1c07c874792","avatar":"https://636c-cloud1-6g5xcrtub6610fb6-1354054349.tcb.qcloud.la/avatars/1750067106293.jpg","isActive":true,"phoneNumber":"15247971419","status":"正常","gradeList":["白带十级","白黄带九级","黄带八级","黄绿带七级","绿带六级","绿蓝带五级","蓝带四级","蓝红带三级","红带二级","红黑带一级","黑带一段/品","黑带二段/品","黑带三段/品"],"idCard":"152527202004230039","joinDate":"2025-04-20","name":" 严硕","_openid":"J6fUocAFfr3dXrG19IA-qg","createTime":{"$date":"2025-06-01T04:04:48.296Z"},"expireDate":"2026-04-20","grade":"白黄带九级","updateTime":{"$date":"2025-07-21T05:28:12.482Z"},"openid":"oP0kH7E0xNPqK1xPuB_qJ3D4_Vno","isVipPaid":true,"vipPayTime":{"$date":"2025-06-16T09:45:36.918Z"}}
{"_id":"c611b946683ef52501cbf90d5d7b3089","phoneNumber":"15147956735","_openid":"J6fUocAFfr3dXrG19IA-qg","createTime":{"$date":"2025-06-03T13:14:13.611Z"},"grade":"白黄带九级","gradeList":["白带十级","白黄带九级","黄带八级","黄绿带七级","绿带六级","绿蓝带五级","蓝带四级","蓝红带三级","红带二级","红黑带一级","黑带一段/品","黑带二段/品","黑带三段/品"],"idCard":"152529201308190919","joinDate":"2025-06-02","name":" 马宇凡","status":"正常","avatar":"https://636c-cloud1-6g5xcrtub6610fb6-1354054349.tcb.qcloud.la/avatars/1749992026974.jpg","expireDate":"2025-08-02","isActive":true,"updateTime":{"$date":"2025-07-21T05:28:19.115Z"},"openid":"oP0kH7CwTRLHuejnKxx8EbayTS_s","isVipPaid":true,"vipPayTime":{"$date":"2025-06-15T07:12:04.487Z"}}
{"_id":"073a77ac680dee3801f45f4078e4482c","_openid":"J6fUocAFfr3dXrG19IA-qg","avatar":"","expireDate":"2026-04-19","gradeList":["白带十级","白黄带九级","黄带八级","黄绿带七级","绿带六级","绿蓝带五级","蓝带四级","蓝红带三级","红带二级","红黑带一级","黑带一段/品","黑带二段/品","黑带三段/品"],"phoneNumber":"15247979599","status":"正常","updateTime":{"$date":"2025-06-03T13:15:36.443Z"},"grade":"白带十级","idCard":"152502202006240014","isActive":true,"joinDate":"2025-04-19","name":"宋子炎"}
{"_id":"29dca3d5683ef5bb01cd75d52f667868","gradeList":["白带十级","白黄带九级","黄带八级","黄绿带七级","绿带六级","绿蓝带五级","蓝带四级","蓝红带三级","红带二级","红黑带一级","黑带一段/品","黑带二段/品","黑带三段/品"],"joinDate":"2025-06-02","avatar":"https://636c-cloud1-6g5xcrtub6610fb6-1354054349.tcb.qcloud.la/avatars/1750502752100-beljtb9y0ak.jpg","grade":"白黄带九级","expireDate":"2025-08-02","idCard":"152529201804150019","isActive":true,"name":"阿茹汗","phoneNumber":"13722090465","status":"正常","_openid":"J6fUocAFfr3dXrG19IA-qg","createTime":{"$date":"2025-06-03T13:16:43.43Z"},"updateTime":{"$date":"2025-07-21T05:28:41.512Z"},"openid":"oP0kH7JZ8_yQR6NDZealKBjMeX4w","isVipPaid":true,"vipPayTime":{"$date":"2025-06-16T07:58:19.538Z"}}
{"_id":"5377d5c0683a941d0192622e57b80b01","expireDate":"2026-01-24","gradeList":["白带十级","白黄带九级","黄带八级","黄绿带七级","绿带六级","绿蓝带五级","蓝带四级","蓝红带三级","红带二级","红黑带一级","黑带一段/品","黑带二段/品","黑带三段/品"],"idCard":"152529201801220018","name":"贾铭哲","phoneNumber":"17548964022","status":"正常","avatar":"https://636c-cloud1-6g5xcrtub6610fb6-1354054349.tcb.qcloud.la/avatars/1750135548819.jpg","_openid":"J6fUocAFfr3dXrG19IA-qg","grade":"白黄带九级","isActive":true,"joinDate":"2025-05-24","updateTime":{"$date":"2025-07-21T05:28:46.735Z"},"openid":"oP0kH7DbSCuKNMzeGhh4t4l93SGQ","isVipPaid":true,"vipPayTime":{"$date":"2025-06-17T04:42:40.621Z"}}
{"_id":"d77d384f683ef69101cfbcc626d4d2a8","gradeList":["白带十级","白黄带九级","黄带八级","黄绿带七级","绿带六级","绿蓝带五级","蓝带四级","蓝红带三级","红带二级","红黑带一级","黑带一段/品","黑带二段/品","黑带三段/品"],"isActive":true,"joinDate":"2025-05-10","name":" 高喆","phoneNumber":"18847913397","status":"正常","avatar":"https://636c-cloud1-6g5xcrtub6610fb6-1354054349.tcb.qcloud.la/avatars/1750161824591.jpg","grade":"白黄带九级","updateTime":{"$date":"2025-07-21T05:28:52.627Z"},"expireDate":"2026-01-26","idCard":"152529201706180011","_openid":"J6fUocAFfr3dXrG19IA-qg","createTime":{"$date":"2025-06-03T13:20:17.47Z"},"openid":"oP0kH7ItRzr0OMC626AxX06Gjpvc","isVipPaid":true,"vipPayTime":{"$date":"2025-06-17T12:02:08.065Z"}}
{"_id":"65dc6258680deba701f588cc49c94da7","idCard":"15252920161206006X","isActive":true,"joinDate":"2024-05-20","avatar":"https://636c-cloud1-6g5xcrtub6610fb6-1354054349.tcb.qcloud.la/avatars/1745831296838-cssli9phlz9.jpg","grade":"黄绿带七级","gradeList":["白带十级","白黄带九级","黄带八级","黄绿带七级","绿带六级","绿蓝带五级","蓝带四级","蓝红带三级","红带二级","红黑带一级","黑带一段/品","黑带二段/品","黑带三段/品"],"name":"逯晨曦","phoneNumber":"15247861290","status":"正常","updateTime":{"$date":"2025-07-21T05:29:01.348Z"},"_openid":"bHwDjxwbek0nDdieIlouYg","expireDate":"2025-06-27","openid":"oP0kH7BAjDbfinid6TwpijyRa1wo","isVipPaid":true,"vipPayTime":{"$date":"2025-06-14T11:29:27.118Z"}}
{"_id":"2b83cb16680df22201f3116572596172","name":" 赵佳璇","_openid":"bHwDjxwbek0nDdieIlouYg","avatar":"https://636c-cloud1-6g5xcrtub6610fb6-1354054349.tcb.qcloud.la/avatars/1745829367459-dsj1zfopxv9.jpg","expireDate":"2026-03-07","idCard":"152529201703310036","isActive":true,"joinDate":"2021-09-01","status":"已过期","grade":"绿蓝带五级","gradeList":["白带十级","白黄带九级","黄带八级","黄绿带七级","绿带六级","绿蓝带五级","蓝带四级","蓝红带三级","红带二级","红黑带一级","黑带一段/品","黑带二段/品","黑带三段/品"],"phoneNumber":"18648046186","updateTime":{"$date":"2025-07-21T05:29:09.876Z"},"openid":"oP0kH7FKV8eBMuJIr1kN93sxhVUM","isVipPaid":true,"vipPayTime":{"$date":"2025-06-14T10:05:30.291Z"}}
{"_id":"2b83cb16680de63801f24c68150f490a","joinDate":"2024-10-01","name":"池鑫栩","phoneNumber":"13947982450","status":"正常","updateTime":{"$date":"2025-07-21T05:30:15.808Z"},"avatar":"https://636c-cloud1-6g5xcrtub6610fb6-1354054349.tcb.qcloud.la/avatars/1750121471953-3ebyqn6e5vc.jpg","idCard":"152529201811130016","isActive":true,"grade":"黄带八级","gradeList":["白带十级","白黄带九级","黄带八级","黄绿带七级","绿带六级","绿蓝带五级","蓝带四级","蓝红带三级","红带二级","红黑带一级","黑带一段/品","黑带二段/品","黑带三段/品"],"_openid":"bHwDjxwbek0nDdieIlouYg","expireDate":"2025-11-12","openid":"oP0kH7B4v__59u8qID3cg972-xXY","isVipPaid":true,"vipPayTime":{"$date":"2025-06-17T01:10:28.289Z"}}
{"_id":"85b0d333680dfdcf01f4520049d5aad6","idCard":"15252720130101061X","isActive":true,"name":"李浩","status":"正常","expireDate":"2026-03-22","grade":"绿蓝带五级","gradeList":["白带十级","白黄带九级","黄带八级","黄绿带七级","绿带六级","绿蓝带五级","蓝带四级","蓝红带三级","红带二级","红黑带一级","黑带一段/品","黑带二段/品","黑带三段/品"],"updateTime":{"$date":"2025-07-21T05:30:25.243Z"},"_openid":"bHwDjxwbek0nDdieIlouYg","avatar":"https://636c-cloud1-6g5xcrtub6610fb6-1354054349.tcb.qcloud.la/avatars/1749988597186.jpg","joinDate":"2022-02-14","phoneNumber":"15148540207","openid":"oP0kH7NfLT-1aua2VR_p0pUaxuJA","isVipPaid":true,"vipPayTime":{"$date":"2025-06-15T11:57:01.811Z"}}
{"_id":"e23fc3b2680f6d9402024082716505e5","avatar":"https://636c-cloud1-6g5xcrtub6610fb6-1354054349.tcb.qcloud.la/avatars/1745908411406.jpg","grade":"黄带八级","name":"侯","status":"正常","updateTime":{"$date":"2025-08-09T09:38:06.401Z"},"_openid":"xBe96-5AupIwrT1iiTtMeg","expireDate":"2026-04-28","idCard":"610431198712243518","isActive":true,"joinDate":"2025-04-28","phoneNumber":"18610826428","openid":"oP0kH7NxklVlY14FRzCKkdg0HNdI","vipPayTime":{"$date":"2025-06-10T10:02:07.584Z"},"isVipPaid":true}
{"_id":"fbf3bf43684d4d4102c9403d14ed0cfb","expireDate":"2026-03-15","grade":"白黄带九级","isActive":true,"updateTime":{"$date":"2025-07-21T05:30:32.791Z"},"_openid":"J6fUocAFfr3dXrG19IA-qg","createTime":{"$date":"2025-06-14T10:21:53.723Z"},"idCard":"152529202108120048","joinDate":"2025-03-01","name":"王语可","phoneNumber":"15148637576","status":"正常","avatar":"https://636c-cloud1-6g5xcrtub6610fb6-1354054349.tcb.qcloud.la/avatars/1749955420162.jpg","openid":"oP0kH7C4_lLVOhzNJqE_74nms7p8","isVipPaid":true,"vipPayTime":{"$date":"2025-06-14T11:23:36.074Z"}}
{"_id":"f4ec2f0f684e968f02ddc3a05d9dc26f","openid":"oP0kH7JCMKz3mW93nLEAR4dnXaHQ","phoneNumber":"13947962515","status":"注册中","isActive":false,"createTime":{"$date":"2025-06-15T09:46:55.349Z"},"updateTime":{"$date":"2025-07-21T05:30:40.862Z"},"avatar":"https://636c-cloud1-6g5xcrtub6610fb6-1354054349.tcb.qcloud.la/avatars/1749982044013.jpg","grade":"黄带八级","joinDate":"2024-03-01","name":"涛力斯","isVipPaid":true,"vipPayTime":{"$date":"2025-06-15T10:07:51.916Z"},"expireDate":"2026-03-01","idCard":"152529201804230019"}
{"_id":"61493796686877f6048ae0be6c237684","_openid":"J6fUocAFfr3dXrG19IA-qg","createTime":{"$date":"2025-07-05T00:55:18.864Z"},"expireDate":"2026-06-21","idCard":"15250220210909008X","isActive":true,"status":"正常","avatar":"","grade":"白带十级","joinDate":"2025-06-21","name":"武沐苒","phoneNumber":"15148609994","updateTime":{"$date":"2025-07-16T11:41:07.927Z"},"openid":"oP0kH7ISIap1oihqr3AqeCw5mBBk"}
{"_id":"6c2530cc6868784504871508398e1df6","_openid":"J6fUocAFfr3dXrG19IA-qg","createTime":{"$date":"2025-07-05T00:56:37.28Z"},"grade":"白带十级","joinDate":"2025-06-29","name":"恩和扎干","avatar":"cloud://cloud1-6g5xcrtub6610fb6.636c-cloud1-6g5xcrtub6610fb6-1354054349/avatars/1751677057577.jpg","expireDate":"2025-09-01","idCard":"152530201702060018","isActive":true,"phoneNumber":"15164943919","status":"正常","updateTime":{"$date":"2025-07-05T00:57:40.489Z"},"openid":"oP0kH7NI-GvMtKipM4r_I9PYFH8M"}
{"_id":"486be3ad6868aebb0489401a02d96751","_openid":"J6fUocAFfr3dXrG19IA-qg","avatar":"","idCard":"152529201808310024","name":" 刘沐颜","updateTime":{"$date":"2025-07-16T06:32:25.368Z"},"status":"正常","createTime":{"$date":"2025-07-05T04:48:59.027Z"},"expireDate":"2026-06-29","grade":"白带十级","isActive":true,"joinDate":"2025-06-29","phoneNumber":"15047903999","openid":"oP0kH7HTCrEWLD75lLsgc6E6-qww"}
{"_id":"5377d5c06868fc9e04990da17455cd8c","updateTime":{"$date":"2025-07-05T10:21:18.118Z"},"avatar":"","grade":"白带十级","idCard":"152529201910160018","status":"正常","joinDate":"2025-07-05","name":"刘嘉杰","phoneNumber":"13664896450","_openid":"J6fUocAFfr3dXrG19IA-qg","createTime":{"$date":"2025-07-05T10:21:18.118Z"},"expireDate":"2026-07-05","isActive":true}
{"_id":"c611b9466868fd5e0498408f78f56a4d","isActive":true,"name":"刘伟烨","phoneNumber":"13474748137","status":"正常","updateTime":{"$date":"2025-07-05T10:24:30.146Z"},"_openid":"J6fUocAFfr3dXrG19IA-qg","avatar":"","createTime":{"$date":"2025-07-05T10:24:30.146Z"},"expireDate":"2025-09-05","grade":"白带十级","idCard":"152529202007300015","joinDate":"2025-07-05"}
{"_id":"e647148e686903270493383378e16f71","grade":"白带十级","name":"辛梓诺","updateTime":{"$date":"2025-07-16T07:14:19.907Z"},"expireDate":"2025-09-05","avatar":"","createTime":{"$date":"2025-07-05T10:49:11.163Z"},"idCard":"410926201803070222","isActive":true,"joinDate":"2025-07-05","phoneNumber":"18639937751","status":"正常","_openid":"J6fUocAFfr3dXrG19IA-qg","openid":"oP0kH7Hh9ARUG_TYZU4oZJV1v_XE"}
{"_id":"82bba8096869034a04962e2a1fe2a341","idCard":"410926201910300070","joinDate":"2025-07-05","status":"正常","createTime":{"$date":"2025-07-05T10:49:46.279Z"},"grade":"白带十级","expireDate":"2025-09-05","isActive":true,"name":"辛穆衡","phoneNumber":"15004794907","updateTime":{"$date":"2025-07-16T07:15:17.71Z"},"_openid":"J6fUocAFfr3dXrG19IA-qg","avatar":"","openid":"oP0kH7Hh9ARUG_TYZU4oZJV1v_XE"}
{"_id":"ed863e82686b889604bb4c8d4c816260","_openid":"J6fUocAFfr3dXrG19IA-qg","avatar":"","grade":"白带十级","idCard":"152529201706160029","isActive":true,"joinDate":"2025-07-06","createTime":{"$date":"2025-07-07T08:43:02.818Z"},"expireDate":"2026-07-06","name":"哈妮其其格","phoneNumber":"18247952345","status":"正常","updateTime":{"$date":"2025-07-16T06:50:55.43Z"},"openid":"oP0kH7OTiiZu-ZC5ynL-lBBh92sQ"}
{"_id":"dd1eb2b4687745c30570ec8060aa9575","expireDate":"2025-09-01","grade":"白带十级","idCard":"152502202109220091","name":" 王子赫","phoneNumber":"15047180999","updateTime":{"$date":"2025-07-16T06:50:18.046Z"},"avatar":"","createTime":{"$date":"2025-07-16T06:25:07.912Z"},"isActive":true,"joinDate":"2025-07-13","status":"正常","_openid":"J6fUocAFfr3dXrG19IA-qg","openid":"oP0kH7Iiq8rpipRiZECysZfyZnfU"}
{"_id":"5377d5c068774608057297724c568774","updateTime":{"$date":"2025-07-16T06:26:16.492Z"},"_openid":"J6fUocAFfr3dXrG19IA-qg","expireDate":"2026-07-16","joinDate":"2025-07-16","idCard":"152502202109220091","isActive":true,"name":"马雨桐","phoneNumber":"13154791237","status":"正常","avatar":"","createTime":{"$date":"2025-07-16T06:26:16.492Z"},"grade":"白带十级"}
{"_id":"e647148e687746aa056b50601a484377","_openid":"J6fUocAFfr3dXrG19IA-qg","grade":"白带十级","phoneNumber":"15247888444","updateTime":{"$date":"2025-07-16T06:28:58.059Z"},"status":"正常","avatar":"","createTime":{"$date":"2025-07-16T06:28:58.059Z"},"expireDate":"2025-09-01","idCard":"15252920201230001X","isActive":true,"joinDate":"2025-07-14","name":"张芃恩"}
{"_id":"c0a2d8e468807ff905f635754a6da00f","joinDate":"2025-07-16","expireDate":"2025-09-01","avatar":"","createTime":{"$date":"2025-07-23T06:23:53.615Z"},"grade":"白带十级","idCard":"152529201710210033","isActive":true,"name":"张晓泉","phoneNumber":"13664892191","_openid":"J6fUocAFfr3dXrG19IA-qg","updateTime":{"$date":"2025-07-23T06:23:53.615Z"},"status":"正常"}
{"_id":"614937966880802905f5e7ab41afeb51","_openid":"J6fUocAFfr3dXrG19IA-qg","phoneNumber":"15048929922","idCard":"152529201506030019","isActive":true,"joinDate":"2025-07-14","name":"张晨一","avatar":"","createTime":{"$date":"2025-07-23T06:24:41.443Z"},"expireDate":"2026-07-14","grade":"白黄带九级","status":"正常","updateTime":{"$date":"2025-07-23T06:24:41.443Z"}}
{"_id":"f4ec2f0f6880805705fa653c3e3be31d","_openid":"J6fUocAFfr3dXrG19IA-qg","createTime":{"$date":"2025-07-23T06:25:27.615Z"},"expireDate":"2025-09-01","name":" 刘沐然","phoneNumber":"15547974144","status":"正常","avatar":"","grade":"白带十级","idCard":"152529201607090029","isActive":true,"joinDate":"2025-06-29","updateTime":{"$date":"2025-07-23T06:25:27.615Z"}}
{"_id":"5377d5c0688080ab05f73a7a67afe055","createTime":{"$date":"2025-07-23T06:26:51.523Z"},"expireDate":"2025-09-01","phoneNumber":"13684795344","status":"正常","_openid":"J6fUocAFfr3dXrG19IA-qg","grade":"白带十级","idCard":"152529201806080018","isActive":true,"joinDate":"2025-07-16","name":"李浩然","updateTime":{"$date":"2025-07-23T06:26:51.523Z"},"avatar":""}
{"_id":"f4ec2f0f688080dc05fa70e05f03ab1d","updateTime":{"$date":"2025-07-23T06:27:40.327Z"},"_openid":"J6fUocAFfr3dXrG19IA-qg","expireDate":"2026-07-22","idCard":"152529202007300023","name":"牛宇卓","joinDate":"2025-07-22","phoneNumber":"13947996424","status":"正常","avatar":"","createTime":{"$date":"2025-07-23T06:27:40.327Z"},"grade":"白带十级","isActive":true}
